"","doy","plot","warming","precipitation","block","midday_canopy_temperature_mean","year"
"1",192,5,3,0,1,NA,2016
"2",192,8,0,0,1,21.2740931428571,2016
"3",192,9,3,1,1,24.2492888571429,2016
"4",192,12,0,1,1,20.3408068571429,2016
"5",192,13,3,0,2,25.1308937142857,2016
"6",192,16,0,0,2,21.6109538571429,2016
"7",192,17,0,1,2,22.9970535714286,2016
"8",192,20,3,1,2,26.1239771428571,2016
"9",192,21,3,-1,2,26.2708795714286,2016
"10",192,24,0,-1,2,22.327658,2016
"11",192,25,0,1,3,20.5868471428571,2016
"12",192,28,3,1,3,24.7460535714286,2016
"13",192,29,3,0,3,24.58669,2016
"14",192,32,0,0,3,21.5881632857143,2016
"15",192,33,0,-1,3,23.8863272857143,2016
"16",192,36,3,-1,3,28.1673497142857,2016
"17",193,5,3,0,1,NA,2016
"18",193,8,0,0,1,22.5104898571429,2016
"19",193,9,3,1,1,25.508685,2016
"20",193,12,0,1,1,21.8736644285714,2016
"21",193,13,3,0,2,26.6716144285714,2016
"22",193,16,0,0,2,23.0611894285714,2016
"23",193,17,0,1,2,24.55561,2016
"24",193,20,3,1,2,27.5283565714286,2016
"25",193,21,3,-1,2,27.4036964285714,2016
"26",193,24,0,-1,2,23.5653254285714,2016
"27",193,25,0,1,3,21.8310027142857,2016
"28",193,28,3,1,3,25.8541311428571,2016
"29",193,29,3,0,3,25.8292091428571,2016
"30",193,32,0,0,3,22.5667595714286,2016
"31",193,33,0,-1,3,25.315764,2016
"32",193,36,3,-1,3,28.3802732857143,2016
"33",194,5,3,0,1,NA,2016
"34",194,8,0,0,1,21.0405072857143,2016
"35",194,9,3,1,1,23.0976364285714,2016
"36",194,12,0,1,1,20.0553288571429,2016
"37",194,13,3,0,2,24.1870247142857,2016
"38",194,16,0,0,2,21.2237941428571,2016
"39",194,17,0,1,2,22.7083567142857,2016
"40",194,20,3,1,2,24.9006365714286,2016
"41",194,21,3,-1,2,25.0502364285714,2016
"42",194,24,0,-1,2,21.841746,2016
"43",194,25,0,1,3,20.5258508571429,2016
"44",194,28,3,1,3,24.0206231428571,2016
"45",194,29,3,0,3,23.7885715714286,2016
"46",194,32,0,0,3,21.2298928571429,2016
"47",194,33,0,-1,3,22.8900791428571,2016
"48",194,36,3,-1,3,26.8250818571429,2016
"49",195,5,3,0,1,NA,2016
"50",195,8,0,0,1,18.2127535714286,2016
"51",195,9,3,1,1,20.8530822857143,2016
"52",195,12,0,1,1,17.3701151428571,2016
"53",195,13,3,0,2,21.765355,2016
"54",195,16,0,0,2,18.3262582857143,2016
"55",195,17,0,1,2,19.8649072857143,2016
"56",195,20,3,1,2,22.746933,2016
"57",195,21,3,-1,2,22.917388,2016
"58",195,24,0,-1,2,19.2238102857143,2016
"59",195,25,0,1,3,17.3605937142857,2016
"60",195,28,3,1,3,21.2873887142857,2016
"61",195,29,3,0,3,21.3727388571429,2016
"62",195,32,0,0,3,18.287985,2016
"63",195,33,0,-1,3,20.6572342857143,2016
"64",195,36,3,-1,3,25.1780277142857,2016
"65",196,5,3,0,1,NA,2016
"66",196,8,0,0,1,20.6355172857143,2016
"67",196,9,3,1,1,23.2874048571429,2016
"68",196,12,0,1,1,19.8792278571429,2016
"69",196,13,3,0,2,24.1389017142857,2016
"70",196,16,0,0,2,20.6826181428571,2016
"71",196,17,0,1,2,22.1939881428571,2016
"72",196,20,3,1,2,25.0916944285714,2016
"73",196,21,3,-1,2,25.6005952857143,2016
"74",196,24,0,-1,2,21.9693982857143,2016
"75",196,25,0,1,3,19.5218855714286,2016
"76",196,28,3,1,3,23.273336,2016
"77",196,29,3,0,3,23.82307,2016
"78",196,32,0,0,3,20.800286,2016
"79",196,33,0,-1,3,23.375236,2016
"80",196,36,3,-1,3,27.9840874285714,2016
"81",197,5,3,0,1,NA,2016
"82",197,8,0,0,1,21.1849325714286,2016
"83",197,9,3,1,1,22.5008814285714,2016
"84",197,12,0,1,1,20.4758482857143,2016
"85",197,13,3,0,2,23.4154484285714,2016
"86",197,16,0,0,2,21.2872238571429,2016
"87",197,17,0,1,2,22.8731184285714,2016
"88",197,20,3,1,2,24.596051,2016
"89",197,21,3,-1,2,23.8522407142857,2016
"90",197,24,0,-1,2,20.9981587142857,2016
"91",197,25,0,1,3,21.0167965714286,2016
"92",197,28,3,1,3,23.1504694285714,2016
"93",197,29,3,0,3,23.713919,2016
"94",197,32,0,0,3,21.164954,2016
"95",197,33,0,-1,3,21.9511575714286,2016
"96",197,36,3,-1,3,24.9847242857143,2016
"97",198,5,3,0,1,NA,2016
"98",198,8,0,0,1,23.4410561428571,2016
"99",198,9,3,1,1,26.5320651428571,2016
"100",198,12,0,1,1,22.9072291428571,2016
"101",198,13,3,0,2,27.6114487142857,2016
"102",198,16,0,0,2,23.7932572857143,2016
"103",198,17,0,1,2,25.026982,2016
"104",198,20,3,1,2,28.4252582857143,2016
"105",198,21,3,-1,2,28.794306,2016
"106",198,24,0,-1,2,25.0570415714286,2016
"107",198,25,0,1,3,22.4639432857143,2016
"108",198,28,3,1,3,26.1709064285714,2016
"109",198,29,3,0,3,27.0238185714286,2016
"110",198,32,0,0,3,23.7542091428571,2016
"111",198,33,0,-1,3,26.3505538571429,2016
"112",198,36,3,-1,3,30.9916795714286,2016
"113",199,5,3,0,1,NA,2016
"114",199,8,0,0,1,22.5637338571429,2016
"115",199,9,3,1,1,24.4528838571429,2016
"116",199,12,0,1,1,21.9143664285714,2016
"117",199,13,3,0,2,26.4592872857143,2016
"118",199,16,0,0,2,23.0043881428571,2016
"119",199,17,0,1,2,24.7031654285714,2016
"120",199,20,3,1,2,26.8617705714286,2016
"121",199,21,3,-1,2,26.2818324285714,2016
"122",199,24,0,-1,2,22.3059424285714,2016
"123",199,25,0,1,3,22.05626,2016
"124",199,28,3,1,3,25.3747834285714,2016
"125",199,29,3,0,3,26.0361205714286,2016
"126",199,32,0,0,3,22.508107,2016
"127",199,33,0,-1,3,24.5890568571429,2016
"128",199,36,3,-1,3,28.7813104285714,2016
"129",200,5,3,0,1,NA,2016
"130",200,8,0,0,1,18.8043964285714,2016
"131",200,9,3,1,1,19.9685812857143,2016
"132",200,12,0,1,1,17.988738,2016
"133",200,13,3,0,2,21.6577165714286,2016
"134",200,16,0,0,2,18.773068,2016
"135",200,17,0,1,2,20.582352,2016
"136",200,20,3,1,2,22.2308341428571,2016
"137",200,21,3,-1,2,21.6434514285714,2016
"138",200,24,0,-1,2,18.2363148571429,2016
"139",200,25,0,1,3,18.5288044285714,2016
"140",200,28,3,1,3,20.6548542857143,2016
"141",200,29,3,0,3,21.5191604285714,2016
"142",200,32,0,0,3,18.6114861428571,2016
"143",200,33,0,-1,3,19.3908177142857,2016
"144",200,36,3,-1,3,23.0225457142857,2016
"145",201,5,3,0,1,NA,2016
"146",201,8,0,0,1,17.5552424285714,2016
"147",201,9,3,1,1,19.2505881428571,2016
"148",201,12,0,1,1,16.8305891428571,2016
"149",201,13,3,0,2,20.8450462857143,2016
"150",201,16,0,0,2,17.5708272857143,2016
"151",201,17,0,1,2,19.3423731428571,2016
"152",201,20,3,1,2,21.0517195714286,2016
"153",201,21,3,-1,2,20.7068745714286,2016
"154",201,24,0,-1,2,17.0659304285714,2016
"155",201,25,0,1,3,17.3573045714286,2016
"156",201,28,3,1,3,19.7991757142857,2016
"157",201,29,3,0,3,20.6937848571429,2016
"158",201,32,0,0,3,17.4088225714286,2016
"159",201,33,0,-1,3,18.2786682857143,2016
"160",201,36,3,-1,3,22.156146,2016
"161",202,5,3,0,1,NA,2016
"162",202,8,0,0,1,18.0600462857143,2016
"163",202,9,3,1,1,19.8176654285714,2016
"164",202,12,0,1,1,17.4053314285714,2016
"165",202,13,3,0,2,21.2412265714286,2016
"166",202,16,0,0,2,18.485189,2016
"167",202,17,0,1,2,20.0625442857143,2016
"168",202,20,3,1,2,21.6596281428571,2016
"169",202,21,3,-1,2,20.9205665714286,2016
"170",202,24,0,-1,2,17.5725248571429,2016
"171",202,25,0,1,3,18.1489501428571,2016
"172",202,28,3,1,3,20.282892,2016
"173",202,29,3,0,3,21.0753105714286,2016
"174",202,32,0,0,3,18.026717,2016
"175",202,33,0,-1,3,18.9486601428571,2016
"176",202,36,3,-1,3,22.7905835714286,2016
"177",203,5,3,0,1,NA,2016
"178",203,8,0,0,1,18.2612028571429,2016
"179",203,9,3,1,1,20.6938845714286,2016
"180",203,12,0,1,1,17.5758465714286,2016
"181",203,13,3,0,2,22.2707382857143,2016
"182",203,16,0,0,2,18.7266837142857,2016
"183",203,17,0,1,2,20.1218608571429,2016
"184",203,20,3,1,2,22.1745037142857,2016
"185",203,21,3,-1,2,22.1397601428571,2016
"186",203,24,0,-1,2,18.3584118571429,2016
"187",203,25,0,1,3,18.1863888571429,2016
"188",203,28,3,1,3,21.3440054285714,2016
"189",203,29,3,0,3,21.8367144285714,2016
"190",203,32,0,0,3,18.2951344285714,2016
"191",203,33,0,-1,3,19.4215922857143,2016
"192",203,36,3,-1,3,23.4614047142857,2016
"193",204,5,3,0,1,NA,2016
"194",204,8,0,0,1,20.1691708571429,2016
"195",204,9,3,1,1,22.9622701428571,2016
"196",204,12,0,1,1,19.7293105714286,2016
"197",204,13,3,0,2,24.2746728571429,2016
"198",204,16,0,0,2,20.505729,2016
"199",204,17,0,1,2,21.8359331428571,2016
"200",204,20,3,1,2,25.1101624285714,2016
"201",204,21,3,-1,2,25.3020065714286,2016
"202",204,24,0,-1,2,21.5252882857143,2016
"203",204,25,0,1,3,18.6029454285714,2016
"204",204,28,3,1,3,22.144186,2016
"205",204,29,3,0,3,23.7682765714286,2016
"206",204,32,0,0,3,20.3136214285714,2016
"207",204,33,0,-1,3,22.9602385714286,2016
"208",204,36,3,-1,3,27.6565178571429,2016
"209",205,5,3,0,1,NA,2016
"210",205,8,0,0,1,23.6150152857143,2016
"211",205,9,3,1,1,25.7039997142857,2016
"212",205,12,0,1,1,23.1982675714286,2016
"213",205,13,3,0,2,27.4926041428571,2016
"214",205,16,0,0,2,24.0149384285714,2016
"215",205,17,0,1,2,25.3813475714286,2016
"216",205,20,3,1,2,28.1150578571429,2016
"217",205,21,3,-1,2,28.2971841428571,2016
"218",205,24,0,-1,2,24.7288112857143,2016
"219",205,25,0,1,3,22.5308495714286,2016
"220",205,28,3,1,3,26.3106931428571,2016
"221",205,29,3,0,3,26.9629385714286,2016
"222",205,32,0,0,3,23.5357317142857,2016
"223",205,33,0,-1,3,26.3389711428571,2016
"224",205,36,3,-1,3,30.7962987142857,2016
"225",206,5,3,0,1,NA,2016
"226",206,8,0,0,1,24.7887642857143,2016
"227",206,9,3,1,1,26.7175905714286,2016
"228",206,12,0,1,1,24.4672588571429,2016
"229",206,13,3,0,2,28.6552035714286,2016
"230",206,16,0,0,2,25.4571678571429,2016
"231",206,17,0,1,2,26.7587645714286,2016
"232",206,20,3,1,2,29.2023448571429,2016
"233",206,21,3,-1,2,28.3770262857143,2016
"234",206,24,0,-1,2,25.4351222857143,2016
"235",206,25,0,1,3,23.8954551428571,2016
"236",206,28,3,1,3,27.4509285714286,2016
"237",206,29,3,0,3,27.6861204285714,2016
"238",206,32,0,0,3,24.6365637142857,2016
"239",206,33,0,-1,3,26.5936847142857,2016
"240",206,36,3,-1,3,30.7732468571429,2016
"241",208,5,3,0,1,NA,2016
"242",208,8,0,0,1,28.1490608571429,2016
"243",208,9,3,1,1,27.3390422857143,2016
"244",208,12,0,1,1,26.8585678571429,2016
"245",208,13,3,0,2,28.7097411428571,2016
"246",208,16,0,0,2,28.7703724285714,2016
"247",208,17,0,1,2,29.7711161428571,2016
"248",208,20,3,1,2,29.1232414285714,2016
"249",208,21,3,-1,2,29.596865,2016
"250",208,24,0,-1,2,28.7892667142857,2016
"251",208,25,0,1,3,NA,2016
"252",208,28,3,1,3,NA,2016
"253",208,29,3,0,3,NA,2016
"254",208,32,0,0,3,NA,2016
"255",208,33,0,-1,3,NA,2016
"256",208,36,3,-1,3,NA,2016
"257",209,5,3,0,1,NA,2016
"258",209,8,0,0,1,40.376901,2016
"259",209,9,3,1,1,37.3880404285714,2016
"260",209,12,0,1,1,40.5418075714286,2016
"261",209,13,3,0,2,45.1225504285714,2016
"262",209,16,0,0,2,44.4338422857143,2016
"263",209,17,0,1,2,45.1441642857143,2016
"264",209,20,3,1,2,44.6574074285714,2016
"265",209,21,3,-1,2,44.2035107142857,2016
"266",209,24,0,-1,2,41.3129105714286,2016
"267",209,25,0,1,3,NA,2016
"268",209,28,3,1,3,NA,2016
"269",209,29,3,0,3,NA,2016
"270",209,32,0,0,3,NA,2016
"271",209,33,0,-1,3,NA,2016
"272",209,36,3,-1,3,NA,2016
"273",210,5,3,0,1,NA,2016
"274",210,8,0,0,1,36.1092798571429,2016
"275",210,9,3,1,1,34.3407264285714,2016
"276",210,12,0,1,1,36.1105948571429,2016
"277",210,13,3,0,2,43.0870994285714,2016
"278",210,16,0,0,2,40.5037581428571,2016
"279",210,17,0,1,2,42.1003524285714,2016
"280",210,20,3,1,2,42.017832,2016
"281",210,21,3,-1,2,39.6402014285714,2016
"282",210,24,0,-1,2,35.0225771428571,2016
"283",210,25,0,1,3,NA,2016
"284",210,28,3,1,3,NA,2016
"285",210,29,3,0,3,NA,2016
"286",210,32,0,0,3,NA,2016
"287",210,33,0,-1,3,NA,2016
"288",210,36,3,-1,3,NA,2016
"289",212,5,3,0,1,NA,2016
"290",212,8,0,0,1,20.6696287142857,2016
"291",212,9,3,1,1,20.0255574285714,2016
"292",212,12,0,1,1,19.9506181428571,2016
"293",212,13,3,0,2,20.6493557142857,2016
"294",212,16,0,0,2,20.4889711428571,2016
"295",212,17,0,1,2,22.2186515714286,2016
"296",212,20,3,1,2,24.5477677142857,2016
"297",212,21,3,-1,2,23.5385034285714,2016
"298",212,24,0,-1,2,20.5721754285714,2016
"299",212,25,0,1,3,20.329129,2016
"300",212,28,3,1,3,21.6400515714286,2016
"301",212,29,3,0,3,21.592455,2016
"302",212,32,0,0,3,20.4471972857143,2016
"303",212,33,0,-1,3,21.2705794285714,2016
"304",212,36,3,-1,3,24.2163228571429,2016
"305",213,5,3,0,1,NA,2016
"306",213,8,0,0,1,14.5239646666667,2016
"307",213,9,3,1,1,14.5255603333333,2016
"308",213,12,0,1,1,14.044613,2016
"309",213,13,3,0,2,18.1273476666667,2016
"310",213,16,0,0,2,14.2359483333333,2016
"311",213,17,0,1,2,16.1708376666667,2016
"312",213,20,3,1,2,19.8291813333333,2016
"313",213,21,3,-1,2,18.9454473333333,2016
"314",213,24,0,-1,2,15.0673903333333,2016
"315",213,25,0,1,3,14.2268286666667,2016
"316",213,28,3,1,3,14.63071,2016
"317",213,29,3,0,3,14.7688386666667,2016
"318",213,32,0,0,3,14.7206013333333,2016
"319",213,33,0,-1,3,15.146234,2016
"320",213,36,3,-1,3,19.146879,2016
"321",214,5,3,0,1,NA,2016
"322",214,8,0,0,1,15.1220372857143,2016
"323",214,9,3,1,1,15.953026,2016
"324",214,12,0,1,1,15.1444532857143,2016
"325",214,13,3,0,2,17.7639194285714,2016
"326",214,16,0,0,2,13.7523841428571,2016
"327",214,17,0,1,2,16.4577245714286,2016
"328",214,20,3,1,2,20.4530871428571,2016
"329",214,21,3,-1,2,20.419978,2016
"330",214,24,0,-1,2,16.4553691428571,2016
"331",214,25,0,1,3,14.0756642857143,2016
"332",214,28,3,1,3,14.3447728571429,2016
"333",214,29,3,0,3,14.775046,2016
"334",214,32,0,0,3,15.8480818571429,2016
"335",214,33,0,-1,3,16.4611508571429,2016
"336",214,36,3,-1,3,20.4711507142857,2016
"337",215,5,3,0,1,NA,2016
"338",215,8,0,0,1,16.4320714285714,2016
"339",215,9,3,1,1,17.4794774285714,2016
"340",215,12,0,1,1,16.3550794285714,2016
"341",215,13,3,0,2,19.2884225714286,2016
"342",215,16,0,0,2,15.2533317142857,2016
"343",215,17,0,1,2,17.6958302857143,2016
"344",215,20,3,1,2,21.7101062857143,2016
"345",215,21,3,-1,2,21.9454204285714,2016
"346",215,24,0,-1,2,17.9768887142857,2016
"347",215,25,0,1,3,15.7434592857143,2016
"348",215,28,3,1,3,15.8182177142857,2016
"349",215,29,3,0,3,16.2678101428571,2016
"350",215,32,0,0,3,17.288668,2016
"351",215,33,0,-1,3,18.0630937142857,2016
"352",215,36,3,-1,3,22.058192,2016
"353",216,5,3,0,1,NA,2016
"354",216,8,0,0,1,20.5453767142857,2016
"355",216,9,3,1,1,21.1148917142857,2016
"356",216,12,0,1,1,20.0930758571429,2016
"357",216,13,3,0,2,23.5479194285714,2016
"358",216,16,0,0,2,19.6697711428571,2016
"359",216,17,0,1,2,21.6197128571429,2016
"360",216,20,3,1,2,25.49377,2016
"361",216,21,3,-1,2,25.4959165714286,2016
"362",216,24,0,-1,2,21.7423848571429,2016
"363",216,25,0,1,3,19.8968827142857,2016
"364",216,28,3,1,3,20.0004895714286,2016
"365",216,29,3,0,3,20.482033,2016
"366",216,32,0,0,3,20.950525,2016
"367",216,33,0,-1,3,21.763989,2016
"368",216,36,3,-1,3,25.6678038571429,2016
"369",217,5,3,0,1,NA,2016
"370",217,8,0,0,1,18.2417011428571,2016
"371",217,9,3,1,1,18.648647,2016
"372",217,12,0,1,1,17.7951312857143,2016
"373",217,13,3,0,2,20.752624,2016
"374",217,16,0,0,2,16.7408522857143,2016
"375",217,17,0,1,2,19.1855335714286,2016
"376",217,20,3,1,2,23.1729661428571,2016
"377",217,21,3,-1,2,23.1147698571429,2016
"378",217,24,0,-1,2,19.1628045714286,2016
"379",217,25,0,1,3,16.8816485714286,2016
"380",217,28,3,1,3,17.1653257142857,2016
"381",217,29,3,0,3,17.7178452857143,2016
"382",217,32,0,0,3,18.5975091428571,2016
"383",217,33,0,-1,3,18.8903284285714,2016
"384",217,36,3,-1,3,22.9066218571429,2016
"385",218,5,3,0,1,NA,2016
"386",218,8,0,0,1,17.2126781428571,2016
"387",218,9,3,1,1,17.7020997142857,2016
"388",218,12,0,1,1,16.8300554285714,2016
"389",218,13,3,0,2,19.3827504285714,2016
"390",218,16,0,0,2,15.341245,2016
"391",218,17,0,1,2,17.9306564285714,2016
"392",218,20,3,1,2,21.9663738571429,2016
"393",218,21,3,-1,2,22.4620834285714,2016
"394",218,24,0,-1,2,18.4845268571429,2016
"395",218,25,0,1,3,15.4842808571429,2016
"396",218,28,3,1,3,15.8771911428571,2016
"397",218,29,3,0,3,16.4259204285714,2016
"398",218,32,0,0,3,17.6009371428571,2016
"399",218,33,0,-1,3,18.478738,2016
"400",218,36,3,-1,3,22.4909938571429,2016
"401",219,5,3,0,1,NA,2016
"402",219,8,0,0,1,15.276318,2016
"403",219,9,3,1,1,15.6818111428571,2016
"404",219,12,0,1,1,14.8702702857143,2016
"405",219,13,3,0,2,16.9494678571429,2016
"406",219,16,0,0,2,12.864905,2016
"407",219,17,0,1,2,15.6611488571429,2016
"408",219,20,3,1,2,19.7010431428571,2016
"409",219,21,3,-1,2,20.4801855714286,2016
"410",219,24,0,-1,2,16.5061238571429,2016
"411",219,25,0,1,3,13.0672237142857,2016
"412",219,28,3,1,3,13.4628725714286,2016
"413",219,29,3,0,3,14.1562462857143,2016
"414",219,32,0,0,3,15.565936,2016
"415",219,33,0,-1,3,16.5643024285714,2016
"416",219,36,3,-1,3,20.5532375714286,2016
"417",220,5,3,0,1,NA,2016
"418",220,8,0,0,1,18.7482038571429,2016
"419",220,9,3,1,1,19.3632941428571,2016
"420",220,12,0,1,1,18.1774072857143,2016
"421",220,13,3,0,2,20.6616014285714,2016
"422",220,16,0,0,2,16.5474228571429,2016
"423",220,17,0,1,2,19.0741448571429,2016
"424",220,20,3,1,2,23.134401,2016
"425",220,21,3,-1,2,23.8904208571429,2016
"426",220,24,0,-1,2,19.9437605714286,2016
"427",220,25,0,1,3,16.8795905714286,2016
"428",220,28,3,1,3,17.014978,2016
"429",220,29,3,0,3,17.7240091428571,2016
"430",220,32,0,0,3,19.1103297142857,2016
"431",220,33,0,-1,3,20.0152387142857,2016
"432",220,36,3,-1,3,23.9983102857143,2016
"433",221,5,3,0,1,NA,2016
"434",221,8,0,0,1,22.441868,2016
"435",221,9,3,1,1,22.7569312857143,2016
"436",221,12,0,1,1,21.9468044285714,2016
"437",221,13,3,0,2,25.7595652857143,2016
"438",221,16,0,0,2,21.8554344285714,2016
"439",221,17,0,1,2,23.6880485714286,2016
"440",221,20,3,1,2,27.48719,2016
"441",221,21,3,-1,2,26.4467801428571,2016
"442",221,24,0,-1,2,23.0764244285714,2016
"443",221,25,0,1,3,21.6930358571429,2016
"444",221,28,3,1,3,21.8632248571429,2016
"445",221,29,3,0,3,22.3332082857143,2016
"446",221,32,0,0,3,22.6630558571429,2016
"447",221,33,0,-1,3,22.9407755714286,2016
"448",221,36,3,-1,3,26.7394644285714,2016
"449",222,5,3,0,1,NA,2016
"450",222,8,0,0,1,25.583341,2016
"451",222,9,3,1,1,26.0524075714286,2016
"452",222,12,0,1,1,24.7269698571429,2016
"453",222,13,3,0,2,28.6632127142857,2016
"454",222,16,0,0,2,24.729072,2016
"455",222,17,0,1,2,26.4402492857143,2016
"456",222,20,3,1,2,30.379053,2016
"457",222,21,3,-1,2,30.1884792857143,2016
"458",222,24,0,-1,2,26.3672494285714,2016
"459",222,25,0,1,3,24.7271288571429,2016
"460",222,28,3,1,3,24.892264,2016
"461",222,29,3,0,3,25.2469981428571,2016
"462",222,32,0,0,3,25.7148794285714,2016
"463",222,33,0,-1,3,25.9168594285714,2016
"464",222,36,3,-1,3,29.8899992857143,2016
"465",223,5,3,0,1,NA,2016
"466",223,8,0,0,1,25.2641638571429,2016
"467",223,9,3,1,1,25.4040831428571,2016
"468",223,12,0,1,1,24.4128564285714,2016
"469",223,13,3,0,2,28.5074961428571,2016
"470",223,16,0,0,2,24.5641341428571,2016
"471",223,17,0,1,2,26.324992,2016
"472",223,20,3,1,2,30.1018421428571,2016
"473",223,21,3,-1,2,29.4945021428571,2016
"474",223,24,0,-1,2,25.6669508571429,2016
"475",223,25,0,1,3,24.4632398571429,2016
"476",223,28,3,1,3,24.685481,2016
"477",223,29,3,0,3,25.0669338571429,2016
"478",223,32,0,0,3,25.3377732857143,2016
"479",223,33,0,-1,3,25.3406604285714,2016
"480",223,36,3,-1,3,29.3277984285714,2016
"481",224,5,3,0,1,NA,2016
"482",224,8,0,0,1,21.5528524285714,2016
"483",224,9,3,1,1,21.194266,2016
"484",224,12,0,1,1,20.8782152857143,2016
"485",224,13,3,0,2,23.3050245714286,2016
"486",224,16,0,0,2,21.3320685714286,2016
"487",224,17,0,1,2,23.1236658571429,2016
"488",224,20,3,1,2,24.7961175714286,2016
"489",224,21,3,-1,2,23.603245,2016
"490",224,24,0,-1,2,21.349539,2016
"491",224,25,0,1,3,21.1913364285714,2016
"492",224,28,3,1,3,22.3958167142857,2016
"493",224,29,3,0,3,22.4361361428571,2016
"494",224,32,0,0,3,21.3558088571429,2016
"495",224,33,0,-1,3,21.8954484285714,2016
"496",224,36,3,-1,3,24.1611478571429,2016
"497",225,5,3,0,1,NA,2016
"498",225,8,0,0,1,23.828928,2016
"499",225,9,3,1,1,24.8522977142857,2016
"500",225,12,0,1,1,23.5006351428571,2016
"501",225,13,3,0,2,27.1507217142857,2016
"502",225,16,0,0,2,23.1898675714286,2016
"503",225,17,0,1,2,25.0239031428571,2016
"504",225,20,3,1,2,28.9887744285714,2016
"505",225,21,3,-1,2,28.7780217142857,2016
"506",225,24,0,-1,2,25.0198662857143,2016
"507",225,25,0,1,3,23.2391875714286,2016
"508",225,28,3,1,3,23.4022242857143,2016
"509",225,29,3,0,3,23.9004234285714,2016
"510",225,32,0,0,3,24.5627594285714,2016
"511",225,33,0,-1,3,24.5724148571429,2016
"512",225,36,3,-1,3,28.5403994285714,2016
"513",226,5,3,0,1,NA,2016
"514",226,8,0,0,1,19.2061225714286,2016
"515",226,9,3,1,1,19.3554968571429,2016
"516",226,12,0,1,1,18.9698411428571,2016
"517",226,13,3,0,2,22.1492672857143,2016
"518",226,16,0,0,2,18.1703988571429,2016
"519",226,17,0,1,2,20.482136,2016
"520",226,20,3,1,2,24.4069964285714,2016
"521",226,21,3,-1,2,23.6557842857143,2016
"522",226,24,0,-1,2,19.747602,2016
"523",226,25,0,1,3,18.0388334285714,2016
"524",226,28,3,1,3,18.6935835714286,2016
"525",226,29,3,0,3,19.093644,2016
"526",226,32,0,0,3,19.3865927142857,2016
"527",226,33,0,-1,3,20.0884012857143,2016
"528",226,36,3,-1,3,24.0861937142857,2016
"529",227,5,3,0,1,NA,2016
"530",227,8,0,0,1,25.4862438571429,2016
"531",227,9,3,1,1,26.2033901428571,2016
"532",227,12,0,1,1,25.0546905714286,2016
"533",227,13,3,0,2,29.0862252857143,2016
"534",227,16,0,0,2,25.288476,2016
"535",227,17,0,1,2,26.8023825714286,2016
"536",227,20,3,1,2,30.3829491428571,2016
"537",227,21,3,-1,2,29.6710884285714,2016
"538",227,24,0,-1,2,26.6103572857143,2016
"539",227,25,0,1,3,25.3664015714286,2016
"540",227,28,3,1,3,25.3451997142857,2016
"541",227,29,3,0,3,25.6946545714286,2016
"542",227,32,0,0,3,25.9616388571429,2016
"543",227,33,0,-1,3,26.1446977142857,2016
"544",227,36,3,-1,3,30.0118448571429,2016
"545",230,5,3,0,1,NA,2016
"546",230,8,0,0,1,19.6517311428571,2016
"547",230,9,3,1,1,19.1282668571429,2016
"548",230,12,0,1,1,19.1396527142857,2016
"549",230,13,3,0,2,23.0918308571429,2016
"550",230,16,0,0,2,19.0692658571429,2016
"551",230,17,0,1,2,21.3666704285714,2016
"552",230,20,3,1,2,24.7034311428571,2016
"553",230,21,3,-1,2,24.148669,2016
"554",230,24,0,-1,2,20.3356804285714,2016
"555",230,25,0,1,3,18.6560417142857,2016
"556",230,28,3,1,3,19.172114,2016
"557",230,29,3,0,3,19.49213,2016
"558",230,32,0,0,3,19.4075742857143,2016
"559",230,33,0,-1,3,21.006143,2016
"560",230,36,3,-1,3,25.0221935714286,2016
"561",231,5,3,0,1,NA,2016
"562",231,8,0,0,1,22.8453947142857,2016
"563",231,9,3,1,1,22.801517,2016
"564",231,12,0,1,1,22.4664302857143,2016
"565",231,13,3,0,2,26.5668225714286,2016
"566",231,16,0,0,2,22.7184154285714,2016
"567",231,17,0,1,2,24.5371431428571,2016
"568",231,20,3,1,2,27.9632094285714,2016
"569",231,21,3,-1,2,27.689392,2016
"570",231,24,0,-1,2,23.8554437142857,2016
"571",231,25,0,1,3,21.8748325714286,2016
"572",231,28,3,1,3,22.7035997142857,2016
"573",231,29,3,0,3,23.0266002857143,2016
"574",231,32,0,0,3,23.0100432857143,2016
"575",231,33,0,-1,3,24.581423,2016
"576",231,36,3,-1,3,28.6686738571429,2016
"577",232,5,3,0,1,NA,2016
"578",232,8,0,0,1,22.2220908571429,2016
"579",232,9,3,1,1,21.7030087142857,2016
"580",232,12,0,1,1,21.6632095714286,2016
"581",232,13,3,0,2,25.9687122857143,2016
"582",232,16,0,0,2,22.0328725714286,2016
"583",232,17,0,1,2,24.0676782857143,2016
"584",232,20,3,1,2,27.098901,2016
"585",232,21,3,-1,2,26.7628631428571,2016
"586",232,24,0,-1,2,22.9392392857143,2016
"587",232,25,0,1,3,21.2856127142857,2016
"588",232,28,3,1,3,21.9477344285714,2016
"589",232,29,3,0,3,22.1498594285714,2016
"590",232,32,0,0,3,21.8892972857143,2016
"591",232,33,0,-1,3,24.0146055714286,2016
"592",232,36,3,-1,3,28.1339525714286,2016
"593",233,5,3,0,1,NA,2016
"594",233,8,0,0,1,20.0022607142857,2016
"595",233,9,3,1,1,19.8295827142857,2016
"596",233,12,0,1,1,19.6055401428571,2016
"597",233,13,3,0,2,23.5908624285714,2016
"598",233,16,0,0,2,19.6113975714286,2016
"599",233,17,0,1,2,22.0056825714286,2016
"600",233,20,3,1,2,24.8439081428571,2016
"601",233,21,3,-1,2,24.8257404285714,2016
"602",233,24,0,-1,2,21.0007895714286,2016
"603",233,25,0,1,3,18.9636942857143,2016
"604",233,28,3,1,3,19.506848,2016
"605",233,29,3,0,3,19.6314457142857,2016
"606",233,32,0,0,3,19.7101457142857,2016
"607",233,33,0,-1,3,21.9806975714286,2016
"608",233,36,3,-1,3,26.2104207142857,2016
"609",234,5,3,0,1,NA,2016
"610",234,8,0,0,1,21.9209815714286,2016
"611",234,9,3,1,1,21.26186,2016
"612",234,12,0,1,1,20.9557057142857,2016
"613",234,13,3,0,2,23.8796931428571,2016
"614",234,16,0,0,2,21.626496,2016
"615",234,17,0,1,2,23.5100214285714,2016
"616",234,20,3,1,2,24.7543961428571,2016
"617",234,21,3,-1,2,24.3307991428571,2016
"618",234,24,0,-1,2,22.1103341428571,2016
"619",234,25,0,1,3,21.2589867142857,2016
"620",234,28,3,1,3,22.1380338571429,2016
"621",234,29,3,0,3,22.24071,2016
"622",234,32,0,0,3,21.4106067142857,2016
"623",234,33,0,-1,3,22.5664691428571,2016
"624",234,36,3,-1,3,25.1542327142857,2016
"625",235,5,3,0,1,NA,2016
"626",235,8,0,0,1,14.8376927142857,2016
"627",235,9,3,1,1,14.8642085714286,2016
"628",235,12,0,1,1,14.577591,2016
"629",235,13,3,0,2,18.3746447142857,2016
"630",235,16,0,0,2,14.2968315714286,2016
"631",235,17,0,1,2,16.7551574285714,2016
"632",235,20,3,1,2,19.9570305714286,2016
"633",235,21,3,-1,2,19.8928184285714,2016
"634",235,24,0,-1,2,16.2235271428571,2016
"635",235,25,0,1,3,13.8325501428571,2016
"636",235,28,3,1,3,14.5775147142857,2016
"637",235,29,3,0,3,14.7059652857143,2016
"638",235,32,0,0,3,14.8696461428571,2016
"639",235,33,0,-1,3,16.5069077142857,2016
"640",235,36,3,-1,3,20.9182668571429,2016
"641",236,5,3,0,1,NA,2016
"642",236,8,0,0,1,17.747128,2016
"643",236,9,3,1,1,17.7578337142857,2016
"644",236,12,0,1,1,17.5492631428571,2016
"645",236,13,3,0,2,21.4864088571429,2016
"646",236,16,0,0,2,17.4423255714286,2016
"647",236,17,0,1,2,19.6964004285714,2016
"648",236,20,3,1,2,22.868693,2016
"649",236,21,3,-1,2,22.929604,2016
"650",236,24,0,-1,2,19.266677,2016
"651",236,25,0,1,3,16.9299768571429,2016
"652",236,28,3,1,3,17.5204967142857,2016
"653",236,29,3,0,3,17.5473044285714,2016
"654",236,32,0,0,3,17.734512,2016
"655",236,33,0,-1,3,19.6944334285714,2016
"656",236,36,3,-1,3,23.9903261428571,2016
"657",237,5,3,0,1,NA,2016
"658",237,8,0,0,1,21.2440328571429,2016
"659",237,9,3,1,1,21.4666468571429,2016
"660",237,12,0,1,1,20.9309662857143,2016
"661",237,13,3,0,2,24.9302287142857,2016
"662",237,16,0,0,2,21.0202038571429,2016
"663",237,17,0,1,2,23.1198421428571,2016
"664",237,20,3,1,2,25.9410757142857,2016
"665",237,21,3,-1,2,26.2719758571429,2016
"666",237,24,0,-1,2,22.8683581428571,2016
"667",237,25,0,1,3,20.7326685714286,2016
"668",237,28,3,1,3,20.9237191428571,2016
"669",237,29,3,0,3,21.0144364285714,2016
"670",237,32,0,0,3,21.2412901428571,2016
"671",237,33,0,-1,3,23.0942691428571,2016
"672",237,36,3,-1,3,27.320258,2016
"673",238,5,3,0,1,NA,2016
"674",238,8,0,0,1,23.7183282857143,2016
"675",238,9,3,1,1,23.5423735714286,2016
"676",238,12,0,1,1,23.2150205714286,2016
"677",238,13,3,0,2,27.3956785714286,2016
"678",238,16,0,0,2,23.61337,2016
"679",238,17,0,1,2,25.2157127142857,2016
"680",238,20,3,1,2,28.5366518571429,2016
"681",238,21,3,-1,2,28.2077575714286,2016
"682",238,24,0,-1,2,24.6666897142857,2016
"683",238,25,0,1,3,23.1046164285714,2016
"684",238,28,3,1,3,23.5888655714286,2016
"685",238,29,3,0,3,23.8472178571429,2016
"686",238,32,0,0,3,23.7799912857143,2016
"687",238,33,0,-1,3,24.861491,2016
"688",238,36,3,-1,3,28.8472025714286,2016
"689",239,5,3,0,1,NA,2016
"690",239,8,0,0,1,20.6154264285714,2016
"691",239,9,3,1,1,21.4638407142857,2016
"692",239,12,0,1,1,20.4679607142857,2016
"693",239,13,3,0,2,24.4241571428571,2016
"694",239,16,0,0,2,20.3633294285714,2016
"695",239,17,0,1,2,22.5734451428571,2016
"696",239,20,3,1,2,26.1846812857143,2016
"697",239,21,3,-1,2,26.353692,2016
"698",239,24,0,-1,2,22.5221727142857,2016
"699",239,25,0,1,3,19.9041141428571,2016
"700",239,28,3,1,3,20.5372344285714,2016
"701",239,29,3,0,3,20.626563,2016
"702",239,32,0,0,3,21.1234454285714,2016
"703",239,33,0,-1,3,22.8670885714286,2016
"704",239,36,3,-1,3,27.1534232857143,2016
"705",240,5,3,0,1,NA,2016
"706",240,8,0,0,1,21.1267347142857,2016
"707",240,9,3,1,1,21.2764797142857,2016
"708",240,12,0,1,1,20.9774734285714,2016
"709",240,13,3,0,2,24.7599187142857,2016
"710",240,16,0,0,2,20.8098805714286,2016
"711",240,17,0,1,2,22.9359725714286,2016
"712",240,20,3,1,2,26.3349165714286,2016
"713",240,21,3,-1,2,26.2928868571429,2016
"714",240,24,0,-1,2,22.5518311428571,2016
"715",240,25,0,1,3,20.2271284285714,2016
"716",240,28,3,1,3,20.9529447142857,2016
"717",240,29,3,0,3,21.0371221428571,2016
"718",240,32,0,0,3,21.1912271428571,2016
"719",240,33,0,-1,3,23.3607934285714,2016
"720",240,36,3,-1,3,27.3896697142857,2016
"721",241,5,3,0,1,NA,2016
"722",241,8,0,0,1,22.821538,2016
"723",241,9,3,1,1,22.5110064285714,2016
"724",241,12,0,1,1,22.2208005714286,2016
"725",241,13,3,0,2,26.5813455714286,2016
"726",241,16,0,0,2,22.7651535714286,2016
"727",241,17,0,1,2,24.424524,2016
"728",241,20,3,1,2,27.7615562857143,2016
"729",241,21,3,-1,2,27.298258,2016
"730",241,24,0,-1,2,23.7312531428571,2016
"731",241,25,0,1,3,22.2513432857143,2016
"732",241,28,3,1,3,22.875492,2016
"733",241,29,3,0,3,22.950719,2016
"734",241,32,0,0,3,22.8251137142857,2016
"735",241,33,0,-1,3,24.06809,2016
"736",241,36,3,-1,3,28.0432348571429,2016
"737",242,5,3,0,1,NA,2016
"738",242,8,0,0,1,17.0669401428571,2016
"739",242,9,3,1,1,17.5978347142857,2016
"740",242,12,0,1,1,17.17614,2016
"741",242,13,3,0,2,20.484383,2016
"742",242,16,0,0,2,16.4762612857143,2016
"743",242,17,0,1,2,18.9919041428571,2016
"744",242,20,3,1,2,22.0829141428571,2016
"745",242,21,3,-1,2,22.597731,2016
"746",242,24,0,-1,2,18.832256,2016
"747",242,25,0,1,3,16.2274868571429,2016
"748",242,28,3,1,3,16.87704,2016
"749",242,29,3,0,3,16.8989525714286,2016
"750",242,32,0,0,3,17.3778555714286,2016
"751",242,33,0,-1,3,19.771656,2016
"752",242,36,3,-1,3,24.0500477142857,2016
"753",243,5,3,0,1,NA,2016
"754",243,8,0,0,1,19.9567455714286,2016
"755",243,9,3,1,1,19.7016678571429,2016
"756",243,12,0,1,1,19.6448828571429,2016
"757",243,13,3,0,2,23.4060755714286,2016
"758",243,16,0,0,2,19.5930298571429,2016
"759",243,17,0,1,2,21.4412842857143,2016
"760",243,20,3,1,2,24.9414994285714,2016
"761",243,21,3,-1,2,24.6630568571429,2016
"762",243,24,0,-1,2,20.9822787142857,2016
"763",243,25,0,1,3,19.0842421428571,2016
"764",243,28,3,1,3,19.7241644285714,2016
"765",243,29,3,0,3,19.9760312857143,2016
"766",243,32,0,0,3,19.9938065714286,2016
"767",243,33,0,-1,3,21.5454394285714,2016
"768",243,36,3,-1,3,25.5404997142857,2016
"769",244,5,3,0,1,NA,2016
"770",244,8,0,0,1,22.2539804285714,2016
"771",244,9,3,1,1,22.2931238571429,2016
"772",244,12,0,1,1,21.767446,2016
"773",244,13,3,0,2,25.7219225714286,2016
"774",244,16,0,0,2,21.9433138571429,2016
"775",244,17,0,1,2,23.6327644285714,2016
"776",244,20,3,1,2,27.2918927142857,2016
"777",244,21,3,-1,2,26.7833591428571,2016
"778",244,24,0,-1,2,22.9637341428571,2016
"779",244,25,0,1,3,21.755929,2016
"780",244,28,3,1,3,21.9759184285714,2016
"781",244,29,3,0,3,22.3168271428571,2016
"782",244,32,0,0,3,22.3862902857143,2016
"783",244,33,0,-1,3,23.0797375714286,2016
"784",244,36,3,-1,3,27.0509915714286,2016
"785",245,5,3,0,1,NA,2016
"786",245,8,0,0,1,17.1961325714286,2016
"787",245,9,3,1,1,17.9564131428571,2016
"788",245,12,0,1,1,17.0334744285714,2016
"789",245,13,3,0,2,20.8642594285714,2016
"790",245,16,0,0,2,16.8332282857143,2016
"791",245,17,0,1,2,19.1043568571429,2016
"792",245,20,3,1,2,22.4990758571429,2016
"793",245,21,3,-1,2,22.7278682857143,2016
"794",245,24,0,-1,2,18.7399917142857,2016
"795",245,25,0,1,3,16.7996267142857,2016
"796",245,28,3,1,3,17.177438,2016
"797",245,29,3,0,3,17.2323522857143,2016
"798",245,32,0,0,3,17.6547285714286,2016
"799",245,33,0,-1,3,18.9314065714286,2016
"800",245,36,3,-1,3,23.6268015714286,2016
"801",246,5,3,0,1,NA,2016
"802",246,8,0,0,1,15.2593412857143,2016
"803",246,9,3,1,1,15.1208035714286,2016
"804",246,12,0,1,1,14.9516991428571,2016
"805",246,13,3,0,2,18.8750558571429,2016
"806",246,16,0,0,2,14.8854664285714,2016
"807",246,17,0,1,2,17.1317241428571,2016
"808",246,20,3,1,2,20.6459572857143,2016
"809",246,21,3,-1,2,20.1290208571429,2016
"810",246,24,0,-1,2,16.2535652857143,2016
"811",246,25,0,1,3,14.6709037142857,2016
"812",246,28,3,1,3,15.5745298571429,2016
"813",246,29,3,0,3,15.5063212857143,2016
"814",246,32,0,0,3,15.2369921428571,2016
"815",246,33,0,-1,3,17.3347585714286,2016
"816",246,36,3,-1,3,21.3730787142857,2016
"817",247,5,3,0,1,NA,2016
"818",247,8,0,0,1,16.2404401428571,2016
"819",247,9,3,1,1,16.3719758571429,2016
"820",247,12,0,1,1,16.0880382857143,2016
"821",247,13,3,0,2,20.0786112857143,2016
"822",247,16,0,0,2,16.1654421428571,2016
"823",247,17,0,1,2,18.2749938571429,2016
"824",247,20,3,1,2,21.4212788571429,2016
"825",247,21,3,-1,2,21.5089598571429,2016
"826",247,24,0,-1,2,17.6991491428571,2016
"827",247,25,0,1,3,16.2864222857143,2016
"828",247,28,3,1,3,16.7612547142857,2016
"829",247,29,3,0,3,16.5585245714286,2016
"830",247,32,0,0,3,16.5407681428571,2016
"831",247,33,0,-1,3,18.6908165714286,2016
"832",247,36,3,-1,3,22.7484502857143,2016
"833",248,5,3,0,1,NA,2016
"834",248,8,0,0,1,15.7856047142857,2016
"835",248,9,3,1,1,15.6618067142857,2016
"836",248,12,0,1,1,15.4434778571429,2016
"837",248,13,3,0,2,19.40209,2016
"838",248,16,0,0,2,15.5393867142857,2016
"839",248,17,0,1,2,17.3779974285714,2016
"840",248,20,3,1,2,20.9618002857143,2016
"841",248,21,3,-1,2,20.273727,2016
"842",248,24,0,-1,2,16.4146274285714,2016
"843",248,25,0,1,3,15.4789942857143,2016
"844",248,28,3,1,3,15.7662642857143,2016
"845",248,29,3,0,3,15.9985592857143,2016
"846",248,32,0,0,3,16.1017262857143,2016
"847",248,33,0,-1,3,17.1663888571429,2016
"848",248,36,3,-1,3,21.0928042857143,2016
"849",249,5,3,0,1,NA,2016
"850",249,8,0,0,1,18.7700244285714,2016
"851",249,9,3,1,1,18.4005745714286,2016
"852",249,12,0,1,1,17.910714,2016
"853",249,13,3,0,2,19.260715,2016
"854",249,16,0,0,2,18.5566527142857,2016
"855",249,17,0,1,2,20.4078825714286,2016
"856",249,20,3,1,2,21.3171525714286,2016
"857",249,21,3,-1,2,20.0485351428571,2016
"858",249,24,0,-1,2,18.1703357142857,2016
"859",249,25,0,1,3,18.3470717142857,2016
"860",249,28,3,1,3,20.2375762857143,2016
"861",249,29,3,0,3,20.0219775714286,2016
"862",249,32,0,0,3,18.3635407142857,2016
"863",249,33,0,-1,3,18.8511802857143,2016
"864",249,36,3,-1,3,19.6807572857143,2016
"865",250,5,3,0,1,NA,2016
"866",250,8,0,0,1,20.8575075714286,2016
"867",250,9,3,1,1,20.4253857142857,2016
"868",250,12,0,1,1,20.1097758571429,2016
"869",250,13,3,0,2,23.9312125714286,2016
"870",250,16,0,0,2,20.8886611428571,2016
"871",250,17,0,1,2,22.5903268571429,2016
"872",250,20,3,1,2,25.2494712857143,2016
"873",250,21,3,-1,2,24.1334018571429,2016
"874",250,24,0,-1,2,20.7904494285714,2016
"875",250,25,0,1,3,20.6725891428571,2016
"876",250,28,3,1,3,21.2679925714286,2016
"877",250,29,3,0,3,21.3708398571429,2016
"878",250,32,0,0,3,20.7718428571429,2016
"879",250,33,0,-1,3,21.2790105714286,2016
"880",250,36,3,-1,3,24.6458121428571,2016
"881",251,5,3,0,1,NA,2016
"882",251,8,0,0,1,22.1028588571429,2016
"883",251,9,3,1,1,21.3998514285714,2016
"884",251,12,0,1,1,21.2781291428571,2016
"885",251,13,3,0,2,26.0298908571429,2016
"886",251,16,0,0,2,22.1262484285714,2016
"887",251,17,0,1,2,23.8218765714286,2016
"888",251,20,3,1,2,27.249382,2016
"889",251,21,3,-1,2,25.7794161428571,2016
"890",251,24,0,-1,2,21.8451158571429,2016
"891",251,25,0,1,3,21.749404,2016
"892",251,28,3,1,3,22.2020958571429,2016
"893",251,29,3,0,3,22.3558014285714,2016
"894",251,32,0,0,3,21.8361672857143,2016
"895",251,33,0,-1,3,22.5156631428571,2016
"896",251,36,3,-1,3,26.4750194285714,2016
"897",252,5,3,0,1,NA,2016
"898",252,8,0,0,1,23.3150092857143,2016
"899",252,9,3,1,1,26.3291007142857,2016
"900",252,12,0,1,1,22.7321767142857,2016
"901",252,13,3,0,2,24.1568372857143,2016
"902",252,16,0,0,2,23.16183,2016
"903",252,17,0,1,2,24.7826555714286,2016
"904",252,20,3,1,2,28.7062474285714,2016
"905",252,21,3,-1,2,27.7289188571429,2016
"906",252,24,0,-1,2,23.7938372857143,2016
"907",252,25,0,1,3,22.9892128571429,2016
"908",252,28,3,1,3,27.009333,2016
"909",252,29,3,0,3,27.4276158571429,2016
"910",252,32,0,0,3,23.4371492857143,2016
"911",252,33,0,-1,3,23.7165515714286,2016
"912",252,36,3,-1,3,27.7171898571429,2016
"913",253,5,3,0,1,NA,2016
"914",253,8,0,0,1,23.3958115714286,2016
"915",253,9,3,1,1,26.1646015714286,2016
"916",253,12,0,1,1,22.684437,2016
"917",253,13,3,0,2,27.2480941428571,2016
"918",253,16,0,0,2,23.284485,2016
"919",253,17,0,1,2,25.0683452857143,2016
"920",253,20,3,1,2,28.7835991428571,2016
"921",253,21,3,-1,2,27.9415114285714,2016
"922",253,24,0,-1,2,23.9395685714286,2016
"923",253,25,0,1,3,22.8068692857143,2016
"924",253,28,3,1,3,26.8841258571429,2016
"925",253,29,3,0,3,27.3881628571429,2016
"926",253,32,0,0,3,23.3534332857143,2016
"927",253,33,0,-1,3,24.8826492857143,2016
"928",253,36,3,-1,3,28.844434,2016
"929",254,5,3,0,1,NA,2016
"930",254,8,0,0,1,24.581095,2016
"931",254,9,3,1,1,26.5900551428571,2016
"932",254,12,0,1,1,24.1515237142857,2016
"933",254,13,3,0,2,27.5305518571429,2016
"934",254,16,0,0,2,24.5204007142857,2016
"935",254,17,0,1,2,26.0051641428571,2016
"936",254,20,3,1,2,29.5463218571429,2016
"937",254,21,3,-1,2,28.7356377142857,2016
"938",254,24,0,-1,2,25.2793144285714,2016
"939",254,25,0,1,3,24.2536071428571,2016
"940",254,28,3,1,3,28.124423,2016
"941",254,29,3,0,3,28.4223,2016
"942",254,32,0,0,3,24.5787428571429,2016
"943",254,33,0,-1,3,25.2801661428571,2016
"944",254,36,3,-1,3,29.1956218571429,2016
"945",255,5,3,0,1,NA,2016
"946",255,8,0,0,1,12.2906954285714,2016
"947",255,9,3,1,1,15.9616878571429,2016
"948",255,12,0,1,1,12.3378911428571,2016
"949",255,13,3,0,2,12.6190552857143,2016
"950",255,16,0,0,2,11.4741487142857,2016
"951",255,17,0,1,2,13.8993674285714,2016
"952",255,20,3,1,2,17.6007765714286,2016
"953",255,21,3,-1,2,18.1916628571429,2016
"954",255,24,0,-1,2,14.4189767142857,2016
"955",255,25,0,1,3,11.795458,2016
"956",255,28,3,1,3,15.8578494285714,2016
"957",255,29,3,0,3,16.6334511428571,2016
"958",255,32,0,0,3,12.6250491428571,2016
"959",255,33,0,-1,3,15.1926508571429,2016
"960",255,36,3,-1,3,19.6988562857143,2016
"961",256,5,3,0,1,NA,2016
"962",256,8,0,0,1,13.8844457142857,2016
"963",256,9,3,1,1,17.3980625714286,2016
"964",256,12,0,1,1,13.9029158571429,2016
"965",256,13,3,0,2,14.1259537142857,2016
"966",256,16,0,0,2,13.29331,2016
"967",256,17,0,1,2,15.5425282857143,2016
"968",256,20,3,1,2,19.3876461428571,2016
"969",256,21,3,-1,2,19.7454462857143,2016
"970",256,24,0,-1,2,15.9212291428571,2016
"971",256,25,0,1,3,13.5135111428571,2016
"972",256,28,3,1,3,17.9335658571429,2016
"973",256,29,3,0,3,18.2333951428571,2016
"974",256,32,0,0,3,14.1245668571429,2016
"975",256,33,0,-1,3,17.0028508571429,2016
"976",256,36,3,-1,3,21.0318571428571,2016
"977",257,5,3,0,1,NA,2016
"978",257,8,0,0,1,19.3494424285714,2016
"979",257,9,3,1,1,22.355732,2016
"980",257,12,0,1,1,19.1097414285714,2016
"981",257,13,3,0,2,23.0326727142857,2016
"982",257,16,0,0,2,19.0659575714286,2016
"983",257,17,0,1,2,20.9609092857143,2016
"984",257,20,3,1,2,24.3744851428571,2016
"985",257,21,3,-1,2,24.9957547142857,2016
"986",257,24,0,-1,2,21.4354171428571,2016
"987",257,25,0,1,3,19.1935461428571,2016
"988",257,28,3,1,3,23.1789178571429,2016
"989",257,29,3,0,3,23.6744018571429,2016
"990",257,32,0,0,3,19.6954711428571,2016
"991",257,33,0,-1,3,21.9577705714286,2016
"992",257,36,3,-1,3,26.2701512857143,2016
"993",258,5,3,0,1,NA,2016
"994",258,8,0,0,1,13.8796954285714,2016
"995",258,9,3,1,1,17.0120824285714,2016
"996",258,12,0,1,1,13.732641,2016
"997",258,13,3,0,2,17.3386431428571,2016
"998",258,16,0,0,2,13.4497165714286,2016
"999",258,17,0,1,2,15.6251434285714,2016
"1000",258,20,3,1,2,18.8303331428571,2016
"1001",258,21,3,-1,2,19.4243821428571,2016
"1002",258,24,0,-1,2,15.6048144285714,2016
"1003",258,25,0,1,3,13.6792811428571,2016
"1004",258,28,3,1,3,17.6063108571429,2016
"1005",258,29,3,0,3,18.2490141428571,2016
"1006",258,32,0,0,3,14.268737,2016
"1007",258,33,0,-1,3,16.6033068571429,2016
"1008",258,36,3,-1,3,20.7262008571429,2016
"1009",259,5,3,0,1,NA,2016
"1010",259,8,0,0,1,12.2664414285714,2016
"1011",259,9,3,1,1,15.2695907142857,2016
"1012",259,12,0,1,1,11.9343944285714,2016
"1013",259,13,3,0,2,15.5720264285714,2016
"1014",259,16,0,0,2,11.8410402857143,2016
"1015",259,17,0,1,2,14.011115,2016
"1016",259,20,3,1,2,17.8440598571429,2016
"1017",259,21,3,-1,2,16.590492,2016
"1018",259,24,0,-1,2,12.6398648571429,2016
"1019",259,25,0,1,3,11.5537284285714,2016
"1020",259,28,3,1,3,15.9904101428571,2016
"1021",259,29,3,0,3,16.269182,2016
"1022",259,32,0,0,3,12.1062602857143,2016
"1023",259,33,0,-1,3,13.7905262857143,2016
"1024",259,36,3,-1,3,17.6051531428571,2016
"1025",260,5,3,0,1,NA,2016
"1026",260,8,0,0,1,11.8030898571429,2016
"1027",260,9,3,1,1,15.2953537142857,2016
"1028",260,12,0,1,1,11.8787028571429,2016
"1029",260,13,3,0,2,15.1797735714286,2016
"1030",260,16,0,0,2,11.3124871428571,2016
"1031",260,17,0,1,2,13.6386328571429,2016
"1032",260,20,3,1,2,17.0503082857143,2016
"1033",260,21,3,-1,2,17.5727002857143,2016
"1034",260,24,0,-1,2,13.8056345714286,2016
"1035",260,25,0,1,3,11.3216944285714,2016
"1036",260,28,3,1,3,15.6352252857143,2016
"1037",260,29,3,0,3,16.1217297142857,2016
"1038",260,32,0,0,3,12.0173314285714,2016
"1039",260,33,0,-1,3,14.6284477142857,2016
"1040",260,36,3,-1,3,18.591303,2016
"1041",261,5,3,0,1,NA,2016
"1042",261,8,0,0,1,21.9597391428571,2016
"1043",261,9,3,1,1,23.9511607142857,2016
"1044",261,12,0,1,1,21.6005365714286,2016
"1045",261,13,3,0,2,25.5630912857143,2016
"1046",261,16,0,0,2,21.913884,2016
"1047",261,17,0,1,2,23.4796778571429,2016
"1048",261,20,3,1,2,26.7217047142857,2016
"1049",261,21,3,-1,2,26.3750865714286,2016
"1050",261,24,0,-1,2,22.9869368571429,2016
"1051",261,25,0,1,3,21.5905295714286,2016
"1052",261,28,3,1,3,25.5794881428571,2016
"1053",261,29,3,0,3,25.8571504285714,2016
"1054",261,32,0,0,3,21.8938044285714,2016
"1055",261,33,0,-1,3,23.0973575714286,2016
"1056",261,36,3,-1,3,27.1321658571429,2016
"1057",262,5,3,0,1,NA,2016
"1058",262,8,0,0,1,22.3614751428571,2016
"1059",262,9,3,1,1,24.6788071428571,2016
"1060",262,12,0,1,1,21.7409208571429,2016
"1061",262,13,3,0,2,25.4781471428571,2016
"1062",262,16,0,0,2,22.1981115714286,2016
"1063",262,17,0,1,2,23.832279,2016
"1064",262,20,3,1,2,27.0905724285714,2016
"1065",262,21,3,-1,2,25.9298585714286,2016
"1066",262,24,0,-1,2,22.4607312857143,2016
"1067",262,25,0,1,3,22.0615085714286,2016
"1068",262,28,3,1,3,25.7606897142857,2016
"1069",262,29,3,0,3,26.0520947142857,2016
"1070",262,32,0,0,3,22.3525805714286,2016
"1071",262,33,0,-1,3,22.7828205714286,2016
"1072",262,36,3,-1,3,26.2202054285714,2016
"1073",263,5,3,0,1,NA,2016
"1074",263,8,0,0,1,20.7265514285714,2016
"1075",263,9,3,1,1,23.4474447142857,2016
"1076",263,12,0,1,1,20.043191,2016
"1077",263,13,3,0,2,24.5208177142857,2016
"1078",263,16,0,0,2,20.6075514285714,2016
"1079",263,17,0,1,2,22.2387475714286,2016
"1080",263,20,3,1,2,25.9594334285714,2016
"1081",263,21,3,-1,2,24.6817972857143,2016
"1082",263,24,0,-1,2,20.8907247142857,2016
"1083",263,25,0,1,3,20.3492298571429,2016
"1084",263,28,3,1,3,24.3975242857143,2016
"1085",263,29,3,0,3,24.6243612857143,2016
"1086",263,32,0,0,3,20.640267,2016
"1087",263,33,0,-1,3,21.1169317142857,2016
"1088",263,36,3,-1,3,25.0997235714286,2016
"1089",264,5,3,0,1,NA,2016
"1090",264,8,0,0,1,17.7737237142857,2016
"1091",264,9,3,1,1,21.5830067142857,2016
"1092",264,12,0,1,1,17.6252521428571,2016
"1093",264,13,3,0,2,21.7468305714286,2016
"1094",264,16,0,0,2,17.665713,2016
"1095",264,17,0,1,2,19.5027637142857,2016
"1096",264,20,3,1,2,23.4129112857143,2016
"1097",264,21,3,-1,2,23.6221978571429,2016
"1098",264,24,0,-1,2,19.6702442857143,2016
"1099",264,25,0,1,3,17.6660741428571,2016
"1100",264,28,3,1,3,21.7158842857143,2016
"1101",264,29,3,0,3,22.4133345714286,2016
"1102",264,32,0,0,3,18.4160525714286,2016
"1103",264,33,0,-1,3,19.5111657142857,2016
"1104",264,36,3,-1,3,23.5972691428571,2016
"1105",265,5,3,0,1,NA,2016
"1106",265,8,0,0,1,15.0389108571429,2016
"1107",265,9,3,1,1,18.8960191428571,2016
"1108",265,12,0,1,1,15.030982,2016
"1109",265,13,3,0,2,18.7193501428571,2016
"1110",265,16,0,0,2,14.8494228571429,2016
"1111",265,17,0,1,2,16.8823107142857,2016
"1112",265,20,3,1,2,20.9328884285714,2016
"1113",265,21,3,-1,2,21.0644641428571,2016
"1114",265,24,0,-1,2,17.2860682857143,2016
"1115",265,25,0,1,3,14.8462931428571,2016
"1116",265,28,3,1,3,19.2037491428571,2016
"1117",265,29,3,0,3,19.6405821428571,2016
"1118",265,32,0,0,3,15.5796171428571,2016
"1119",265,33,0,-1,3,17.6859578571429,2016
"1120",265,36,3,-1,3,21.625409,2016
"1121",266,5,3,0,1,NA,2016
"1122",266,8,0,0,1,15.8228418571429,2016
"1123",266,9,3,1,1,19.2260632857143,2016
"1124",266,12,0,1,1,15.4572632857143,2016
"1125",266,13,3,0,2,19.5257584285714,2016
"1126",266,16,0,0,2,15.5292757142857,2016
"1127",266,17,0,1,2,17.4149255714286,2016
"1128",266,20,3,1,2,21.3368592857143,2016
"1129",266,21,3,-1,2,20.3888201428571,2016
"1130",266,24,0,-1,2,16.4491721428571,2016
"1131",266,25,0,1,3,15.2155048571429,2016
"1132",266,28,3,1,3,19.2874444285714,2016
"1133",266,29,3,0,3,19.9709768571429,2016
"1134",266,32,0,0,3,15.931585,2016
"1135",266,33,0,-1,3,16.9530304285714,2016
"1136",266,36,3,-1,3,20.9790217142857,2016
"1137",267,5,3,0,1,NA,2016
"1138",267,8,0,0,1,14.314604,2016
"1139",267,9,3,1,1,16.7708124285714,2016
"1140",267,12,0,1,1,13.6940571428571,2016
"1141",267,13,3,0,2,18.2222702857143,2016
"1142",267,16,0,0,2,14.3520718571429,2016
"1143",267,17,0,1,2,16.3782985714286,2016
"1144",267,20,3,1,2,19.0529828571429,2016
"1145",267,21,3,-1,2,18.542766,2016
"1146",267,24,0,-1,2,15.0648608571429,2016
"1147",267,25,0,1,3,14.2501714285714,2016
"1148",267,28,3,1,3,18.1835145714286,2016
"1149",267,29,3,0,3,18.313395,2016
"1150",267,32,0,0,3,14.4173618571429,2016
"1151",267,33,0,-1,3,15.8628021428571,2016
"1152",267,36,3,-1,3,19.6516178571429,2016
"1153",268,5,3,0,1,NA,2016
"1154",268,8,0,0,1,8.27099885714286,2016
"1155",268,9,3,1,1,11.9683864285714,2016
"1156",268,12,0,1,1,8.496319,2016
"1157",268,13,3,0,2,11.864097,2016
"1158",268,16,0,0,2,7.93931128571429,2016
"1159",268,17,0,1,2,10.1972445714286,2016
"1160",268,20,3,1,2,13.4833355714286,2016
"1161",268,21,3,-1,2,14.2337105714286,2016
"1162",268,24,0,-1,2,10.7272877142857,2016
"1163",268,25,0,1,3,8.20441114285714,2016
"1164",268,28,3,1,3,12.201294,2016
"1165",268,29,3,0,3,13.3657421428571,2016
"1166",268,32,0,0,3,9.48162857142857,2016
"1167",268,33,0,-1,3,10.7053345714286,2016
"1168",268,36,3,-1,3,14.8437428571429,2016
"1169",269,5,3,0,1,NA,2016
"1170",269,8,0,0,1,6.20492085714286,2016
"1171",269,9,3,1,1,10.1458277142857,2016
"1172",269,12,0,1,1,6.48746071428571,2016
"1173",269,13,3,0,2,10.0190674285714,2016
"1174",269,16,0,0,2,5.914431,2016
"1175",269,17,0,1,2,8.30423585714286,2016
"1176",269,20,3,1,2,11.825517,2016
"1177",269,21,3,-1,2,12.15554,2016
"1178",269,24,0,-1,2,8.46010685714286,2016
"1179",269,25,0,1,3,5.96431557142857,2016
"1180",269,28,3,1,3,9.99970157142857,2016
"1181",269,29,3,0,3,10.9583864285714,2016
"1182",269,32,0,0,3,6.97928928571429,2016
"1183",269,33,0,-1,3,9.06601585714286,2016
"1184",269,36,3,-1,3,13.139069,2016
"1185",270,5,3,0,1,NA,2016
"1186",270,8,0,0,1,16.4523594285714,2016
"1187",270,9,3,1,1,17.9523764285714,2016
"1188",270,12,0,1,1,15.6922485714286,2016
"1189",270,13,3,0,2,18.5659658571429,2016
"1190",270,16,0,0,2,16.4795528571429,2016
"1191",270,17,0,1,2,18.1512444285714,2016
"1192",270,20,3,1,2,20.5477734285714,2016
"1193",270,21,3,-1,2,19.2671918571429,2016
"1194",270,24,0,-1,2,16.4551588571429,2016
"1195",270,25,0,1,3,16.3431311428571,2016
"1196",270,28,3,1,3,19.9421338571429,2016
"1197",270,29,3,0,3,19.840906,2016
"1198",270,32,0,0,3,16.4304897142857,2016
"1199",270,33,0,-1,3,17.0608514285714,2016
"1200",270,36,3,-1,3,19.6528097142857,2016
"1201",271,5,3,0,1,NA,2016
"1202",271,8,0,0,1,15.5145308571429,2016
"1203",271,9,3,1,1,17.5934764285714,2016
"1204",271,12,0,1,1,14.8124058571429,2016
"1205",271,13,3,0,2,19.1044158571429,2016
"1206",271,16,0,0,2,15.2770501428571,2016
"1207",271,17,0,1,2,17.0805514285714,2016
"1208",271,20,3,1,2,20.3323838571429,2016
"1209",271,21,3,-1,2,19.2739927142857,2016
"1210",271,24,0,-1,2,15.4760492857143,2016
"1211",271,25,0,1,3,15.2425667142857,2016
"1212",271,28,3,1,3,19.1954902857143,2016
"1213",271,29,3,0,3,19.4829975714286,2016
"1214",271,32,0,0,3,15.5902868571429,2016
"1215",271,33,0,-1,3,15.7438418571429,2016
"1216",271,36,3,-1,3,19.5922568571429,2016
"1217",272,5,3,0,1,NA,2016
"1218",272,8,0,0,1,13.4122477142857,2016
"1219",272,9,3,1,1,15.8718878571429,2016
"1220",272,12,0,1,1,12.8032495714286,2016
"1221",272,13,3,0,2,17.1126014285714,2016
"1222",272,16,0,0,2,13.3477964285714,2016
"1223",272,17,0,1,2,15.0818465714286,2016
"1224",272,20,3,1,2,18.4177722857143,2016
"1225",272,21,3,-1,2,17.8642371428571,2016
"1226",272,24,0,-1,2,14.020823,2016
"1227",272,25,0,1,3,13.3159881428571,2016
"1228",272,28,3,1,3,17.2619465714286,2016
"1229",272,29,3,0,3,17.6729675714286,2016
"1230",272,32,0,0,3,13.833175,2016
"1231",272,33,0,-1,3,14.4185284285714,2016
"1232",272,36,3,-1,3,18.3827692857143,2016
"1233",273,5,3,0,1,NA,2016
"1234",273,8,0,0,1,13.3629815714286,2016
"1235",273,9,3,1,1,15.9075981428571,2016
"1236",273,12,0,1,1,12.6966004285714,2016
"1237",273,13,3,0,2,17.2768958571429,2016
"1238",273,16,0,0,2,13.4149892857143,2016
"1239",273,17,0,1,2,15.1411298571429,2016
"1240",273,20,3,1,2,18.8196955714286,2016
"1241",273,21,3,-1,2,17.4959158571429,2016
"1242",273,24,0,-1,2,13.527761,2016
"1243",273,25,0,1,3,13.3007968571429,2016
"1244",273,28,3,1,3,17.3082045714286,2016
"1245",273,29,3,0,3,17.5019225714286,2016
"1246",273,32,0,0,3,13.5289044285714,2016
"1247",273,33,0,-1,3,14.1148817142857,2016
"1248",273,36,3,-1,3,18.0699595714286,2016
"1249",274,5,3,0,1,NA,2016
"1250",274,8,0,0,1,14.5206767142857,2016
"1251",274,9,3,1,1,14.8624185714286,2016
"1252",274,12,0,1,1,13.742918,2016
"1253",274,13,3,0,2,14.905237,2016
"1254",274,16,0,0,2,14.3766505714286,2016
"1255",274,17,0,1,2,16.163724,2016
"1256",274,20,3,1,2,17.555592,2016
"1257",274,21,3,-1,2,16.1370104285714,2016
"1258",274,24,0,-1,2,14.1191994285714,2016
"1259",274,25,0,1,3,14.3429917142857,2016
"1260",274,28,3,1,3,17.3602797142857,2016
"1261",274,29,3,0,3,16.8499411428571,2016
"1262",274,32,0,0,3,14.351141,2016
"1263",274,33,0,-1,3,14.5662665714286,2016
"1264",274,36,3,-1,3,15.1612694285714,2016
"1265",275,5,3,0,1,NA,2016
"1266",275,8,0,0,1,13.2620645714286,2016
"1267",275,9,3,1,1,14.4752868571429,2016
"1268",275,12,0,1,1,12.4232925714286,2016
"1269",275,13,3,0,2,16.0632174285714,2016
"1270",275,16,0,0,2,13.1178671428571,2016
"1271",275,17,0,1,2,14.931974,2016
"1272",275,20,3,1,2,17.0683141428571,2016
"1273",275,21,3,-1,2,15.873366,2016
"1274",275,24,0,-1,2,12.5955285714286,2016
"1275",275,25,0,1,3,12.9745274285714,2016
"1276",275,28,3,1,3,16.8244757142857,2016
"1277",275,29,3,0,3,16.7611868571429,2016
"1278",275,32,0,0,3,12.9262301428571,2016
"1279",275,33,0,-1,3,13.3156777142857,2016
"1280",275,36,3,-1,3,16.8958025714286,2016
"1281",276,5,3,0,1,NA,2016
"1282",276,8,0,0,1,14.3868941428571,2016
"1283",276,9,3,1,1,17.3848895714286,2016
"1284",276,12,0,1,1,14.0734027142857,2016
"1285",276,13,3,0,2,18.4603258571429,2016
"1286",276,16,0,0,2,14.485271,2016
"1287",276,17,0,1,2,16.3549742857143,2016
"1288",276,20,3,1,2,19.712706,2016
"1289",276,21,3,-1,2,19.391041,2016
"1290",276,24,0,-1,2,15.754339,2016
"1291",276,25,0,1,3,14.4401007142857,2016
"1292",276,28,3,1,3,18.4311864285714,2016
"1293",276,29,3,0,3,18.7020424285714,2016
"1294",276,32,0,0,3,14.7841627142857,2016
"1295",276,33,0,-1,3,15.6828314285714,2016
"1296",276,36,3,-1,3,19.5761878571429,2016
"1297",277,5,3,0,1,NA,2016
"1298",277,8,0,0,1,15.1407051428571,2016
"1299",277,9,3,1,1,17.2997808571429,2016
"1300",277,12,0,1,1,14.4137607142857,2016
"1301",277,13,3,0,2,18.6145315714286,2016
"1302",277,16,0,0,2,14.98732,2016
"1303",277,17,0,1,2,16.797681,2016
"1304",277,20,3,1,2,20.0268752857143,2016
"1305",277,21,3,-1,2,18.3193071428571,2016
"1306",277,24,0,-1,2,15.03803,2016
"1307",277,25,0,1,3,14.894058,2016
"1308",277,28,3,1,3,18.823979,2016
"1309",277,29,3,0,3,18.9182302857143,2016
"1310",277,32,0,0,3,15.0751938571429,2016
"1311",277,33,0,-1,3,15.4704557142857,2016
"1312",277,36,3,-1,3,19.2605162857143,2016
"1313",278,5,3,0,1,NA,2016
"1314",278,8,0,0,1,8.841192,2016
"1315",278,9,3,1,1,12.2373872857143,2016
"1316",278,12,0,1,1,8.86117942857143,2016
"1317",278,13,3,0,2,12.8220732857143,2016
"1318",278,16,0,0,2,8.88411914285714,2016
"1319",278,17,0,1,2,11.1062707142857,2016
"1320",278,20,3,1,2,14.5430525714286,2016
"1321",278,21,3,-1,2,13.9245277142857,2016
"1322",278,24,0,-1,2,10.4245301428571,2016
"1323",278,25,0,1,3,9.03342357142857,2016
"1324",278,28,3,1,3,13.0272382857143,2016
"1325",278,29,3,0,3,13.4292632857143,2016
"1326",278,32,0,0,3,9.50502857142857,2016
"1327",278,33,0,-1,3,10.7484834285714,2016
"1328",278,36,3,-1,3,14.7004988571429,2016
"1329",279,5,3,0,1,NA,2016
"1330",279,8,0,0,1,6.55969085714286,2016
"1331",279,9,3,1,1,10.3495934285714,2016
"1332",279,12,0,1,1,6.75818042857143,2016
"1333",279,13,3,0,2,10.3687891428571,2016
"1334",279,16,0,0,2,6.25429657142857,2016
"1335",279,17,0,1,2,8.790149,2016
"1336",279,20,3,1,2,12.5166302857143,2016
"1337",279,21,3,-1,2,12.0319887142857,2016
"1338",279,24,0,-1,2,8.38230114285714,2016
"1339",279,25,0,1,3,6.32310785714286,2016
"1340",279,28,3,1,3,10.298365,2016
"1341",279,29,3,0,3,11.0638075714286,2016
"1342",279,32,0,0,3,7.06391171428571,2016
"1343",279,33,0,-1,3,8.77840028571429,2016
"1344",279,36,3,-1,3,12.8299165714286,2016
"1345",280,5,3,0,1,NA,2016
"1346",280,8,0,0,1,8.59383271428571,2016
"1347",280,9,3,1,1,12.7970587142857,2016
"1348",280,12,0,1,1,8.91468228571429,2016
"1349",280,13,3,0,2,12.5899768571429,2016
"1350",280,16,0,0,2,8.42377,2016
"1351",280,17,0,1,2,10.8542238571429,2016
"1352",280,20,3,1,2,14.6665278571429,2016
"1353",280,21,3,-1,2,14.5736314285714,2016
"1354",280,24,0,-1,2,10.8859131428571,2016
"1355",280,25,0,1,3,8.53333757142857,2016
"1356",280,28,3,1,3,12.5415238571429,2016
"1357",280,29,3,0,3,13.4172594285714,2016
"1358",280,32,0,0,3,9.41881314285714,2016
"1359",280,33,0,-1,3,11.2222378571429,2016
"1360",280,36,3,-1,3,15.2309908571429,2016
"1361",281,5,3,0,1,NA,2016
"1362",281,8,0,0,1,8.99635742857143,2016
"1363",281,9,3,1,1,12.6522082857143,2016
"1364",281,12,0,1,1,8.91499928571429,2016
"1365",281,13,3,0,2,12.4407595714286,2016
"1366",281,16,0,0,2,8.454139,2016
"1367",281,17,0,1,2,10.7133497142857,2016
"1368",281,20,3,1,2,14.6511921428571,2016
"1369",281,21,3,-1,2,13.7147807142857,2016
"1370",281,24,0,-1,2,9.75066971428571,2016
"1371",281,25,0,1,3,8.35375585714286,2016
"1372",281,28,3,1,3,12.4401212857143,2016
"1373",281,29,3,0,3,13.2884945714286,2016
"1374",281,32,0,0,3,9.25590357142857,2016
"1375",281,33,0,-1,3,10.6757248571429,2016
"1376",281,36,3,-1,3,14.6936901428571,2016
"1377",282,5,3,0,1,NA,2016
"1378",282,8,0,0,1,15.7867378571429,2016
"1379",282,9,3,1,1,16.7278621428571,2016
"1380",282,12,0,1,1,15.1069085714286,2016
"1381",282,13,3,0,2,17.1306647142857,2016
"1382",282,16,0,0,2,15.5803061428571,2016
"1383",282,17,0,1,2,17.3512657142857,2016
"1384",282,20,3,1,2,19.2525661428571,2016
"1385",282,21,3,-1,2,17.6371551428571,2016
"1386",282,24,0,-1,2,15.6038275714286,2016
"1387",282,25,0,1,3,15.5306241428571,2016
"1388",282,28,3,1,3,18.8694935714286,2016
"1389",282,29,3,0,3,18.5631241428571,2016
"1390",282,32,0,0,3,15.745137,2016
"1391",282,33,0,-1,3,16.0900847142857,2016
"1392",282,36,3,-1,3,17.9809335714286,2016
"1393",283,5,3,0,1,NA,2016
"1394",283,8,0,0,1,7.09510457142857,2016
"1395",283,9,3,1,1,9.97429142857143,2016
"1396",283,12,0,1,1,7.19048771428571,2016
"1397",283,13,3,0,2,10.766159,2016
"1398",283,16,0,0,2,7.02082,2016
"1399",283,17,0,1,2,9.19716542857143,2016
"1400",283,20,3,1,2,11.9226132857143,2016
"1401",283,21,3,-1,2,11.3074031428571,2016
"1402",283,24,0,-1,2,8.848543,2016
"1403",283,25,0,1,3,7.20465028571429,2016
"1404",283,28,3,1,3,10.9698321428571,2016
"1405",283,29,3,0,3,11.6141731428571,2016
"1406",283,32,0,0,3,8.09594471428571,2016
"1407",283,33,0,-1,3,8.67146328571429,2016
"1408",283,36,3,-1,3,12.2878051428571,2016
"1409",284,5,3,0,1,NA,2016
"1410",284,8,0,0,1,4.442975,2016
"1411",284,9,3,1,1,8.27277542857143,2016
"1412",284,12,0,1,1,4.77493628571429,2016
"1413",284,13,3,0,2,8.20273342857143,2016
"1414",284,16,0,0,2,4.20549914285714,2016
"1415",284,17,0,1,2,6.81830871428571,2016
"1416",284,20,3,1,2,10.460659,2016
"1417",284,21,3,-1,2,9.82804757142857,2016
"1418",284,24,0,-1,2,6.41143757142857,2016
"1419",284,25,0,1,3,4.29525114285714,2016
"1420",284,28,3,1,3,8.22633871428571,2016
"1421",284,29,3,0,3,9.18436514285714,2016
"1422",284,32,0,0,3,5.28285557142857,2016
"1423",284,33,0,-1,3,6.62671171428571,2016
"1424",284,36,3,-1,3,10.5286945714286,2016
"1425",285,5,3,0,1,NA,2016
"1426",285,8,0,0,1,7.72912942857143,2016
"1427",285,9,3,1,1,11.4010655714286,2016
"1428",285,12,0,1,1,7.92622371428571,2016
"1429",285,13,3,0,2,11.2579261428571,2016
"1430",285,16,0,0,2,7.767959,2016
"1431",285,17,0,1,2,10.1208764285714,2016
"1432",285,20,3,1,2,14.0318655714286,2016
"1433",285,21,3,-1,2,12.9330144285714,2016
"1434",285,24,0,-1,2,9.68830842857143,2016
"1435",285,25,0,1,3,7.85334371428571,2016
"1436",285,28,3,1,3,12.3232277142857,2016
"1437",285,29,3,0,3,12.3708935714286,2016
"1438",285,32,0,0,3,8.46781757142857,2016
"1439",285,33,0,-1,3,9.92601985714286,2016
"1440",285,36,3,-1,3,13.3060967142857,2016
"1441",286,5,3,0,1,NA,2016
"1442",286,8,0,0,1,11.5628422857143,2016
"1443",286,9,3,1,1,14.8701184285714,2016
"1444",286,12,0,1,1,11.303735,2016
"1445",286,13,3,0,2,15.6574017142857,2016
"1446",286,16,0,0,2,11.7056961428571,2016
"1447",286,17,0,1,2,13.5640758571429,2016
"1448",286,20,3,1,2,17.3915067142857,2016
"1449",286,21,3,-1,2,16.3412558571429,2016
"1450",286,24,0,-1,2,12.8105715714286,2016
"1451",286,25,0,1,3,11.6518714285714,2016
"1452",286,28,3,1,3,15.6556178571429,2016
"1453",286,29,3,0,3,15.8323708571429,2016
"1454",286,32,0,0,3,11.8650204285714,2016
"1455",286,33,0,-1,3,13.1761572857143,2016
"1456",286,36,3,-1,3,17.162044,2016
"1457",287,5,3,0,1,NA,2016
"1458",287,8,0,0,1,6.52844885714286,2016
"1459",287,9,3,1,1,10.3402651428571,2016
"1460",287,12,0,1,1,6.90300885714286,2016
"1461",287,13,3,0,2,10.0526227142857,2016
"1462",287,16,0,0,2,5.93464,2016
"1463",287,17,0,1,2,8.68379071428572,2016
"1464",287,20,3,1,2,12.1810195714286,2016
"1465",287,21,3,-1,2,12.3504102857143,2016
"1466",287,24,0,-1,2,8.893207,2016
"1467",287,25,0,1,3,6.38679471428571,2016
"1468",287,28,3,1,3,10.1457588571429,2016
"1469",287,29,3,0,3,11.0572868571429,2016
"1470",287,32,0,0,3,7.82035185714286,2016
"1471",287,33,0,-1,3,9.227553,2016
"1472",287,36,3,-1,3,12.968833,2016
"1473",288,5,3,0,1,NA,2016
"1474",288,8,0,0,1,3.69851542857143,2016
"1475",288,9,3,1,1,7.56208471428571,2016
"1476",288,12,0,1,1,4.07447585714286,2016
"1477",288,13,3,0,2,7.370654,2016
"1478",288,16,0,0,2,3.57578314285714,2016
"1479",288,17,0,1,2,6.03749114285714,2016
"1480",288,20,3,1,2,9.77385,2016
"1481",288,21,3,-1,2,9.36991914285714,2016
"1482",288,24,0,-1,2,5.85836285714286,2016
"1483",288,25,0,1,3,3.71920428571429,2016
"1484",288,28,3,1,3,7.85464571428571,2016
"1485",288,29,3,0,3,8.35562971428571,2016
"1486",288,32,0,0,3,4.79936128571429,2016
"1487",288,33,0,-1,3,6.252268,2016
"1488",288,36,3,-1,3,10.0279821428571,2016
"1489",289,5,3,0,1,NA,2016
"1490",289,8,0,0,1,5.67504014285714,2016
"1491",289,9,3,1,1,9.56247,2016
"1492",289,12,0,1,1,6.01824742857143,2016
"1493",289,13,3,0,2,9.41535428571428,2016
"1494",289,16,0,0,2,5.50397957142857,2016
"1495",289,17,0,1,2,7.76275714285714,2016
"1496",289,20,3,1,2,11.4940011428571,2016
"1497",289,21,3,-1,2,11.2304518571429,2016
"1498",289,24,0,-1,2,7.69491957142857,2016
"1499",289,25,0,1,3,5.46731085714286,2016
"1500",289,28,3,1,3,9.34452214285714,2016
"1501",289,29,3,0,3,10.220561,2016
"1502",289,32,0,0,3,6.46897771428571,2016
"1503",289,33,0,-1,3,7.83127014285714,2016
"1504",289,36,3,-1,3,11.8784432857143,2016
"1505",290,5,3,0,1,NA,2016
"1506",290,8,0,0,1,14.2936228571429,2016
"1507",290,9,3,1,1,18.387829,2016
"1508",290,12,0,1,1,14.4888444285714,2016
"1509",290,13,3,0,2,18.3013397142857,2016
"1510",290,16,0,0,2,14.2007608571429,2016
"1511",290,17,0,1,2,15.9886201428571,2016
"1512",290,20,3,1,2,19.9668201428571,2016
"1513",290,21,3,-1,2,20.5478292857143,2016
"1514",290,24,0,-1,2,16.977292,2016
"1515",290,25,0,1,3,14.533228,2016
"1516",290,28,3,1,3,18.3562788571429,2016
"1517",290,29,3,0,3,19.0914647142857,2016
"1518",290,32,0,0,3,15.6172462857143,2016
"1519",290,33,0,-1,3,16.6691075714286,2016
"1520",290,36,3,-1,3,20.6686017142857,2016
"1521",291,5,3,0,1,NA,2016
"1522",291,8,0,0,1,15.8988847142857,2016
"1523",291,9,3,1,1,17.276294,2016
"1524",291,12,0,1,1,15.0792018571429,2016
"1525",291,13,3,0,2,18.0570638571429,2016
"1526",291,16,0,0,2,15.6898274285714,2016
"1527",291,17,0,1,2,17.4368788571429,2016
"1528",291,20,3,1,2,19.6936471428571,2016
"1529",291,21,3,-1,2,18.0785238571429,2016
"1530",291,24,0,-1,2,15.6123831428571,2016
"1531",291,25,0,1,3,15.6685521428571,2016
"1532",291,28,3,1,3,19.1712391428571,2016
"1533",291,29,3,0,3,18.3882594285714,2016
"1534",291,32,0,0,3,15.7081858571429,2016
"1535",291,33,0,-1,3,16.261597,2016
"1536",291,36,3,-1,3,19.0912174285714,2016
"1537",292,5,3,0,1,NA,2016
"1538",292,8,0,0,1,18.5096655714286,2016
"1539",292,9,3,1,1,21.7994478571429,2016
"1540",292,12,0,1,1,17.9781988571429,2016
"1541",292,13,3,0,2,22.021293,2016
"1542",292,16,0,0,2,18.0198087142857,2016
"1543",292,17,0,1,2,19.504178,2016
"1544",292,20,3,1,2,23.4182674285714,2016
"1545",292,21,3,-1,2,23.166127,2016
"1546",292,24,0,-1,2,19.9183532857143,2016
"1547",292,25,0,1,3,18.1185127142857,2016
"1548",292,28,3,1,3,22.0357861428571,2016
"1549",292,29,3,0,3,22.240682,2016
"1550",292,32,0,0,3,19.0529997142857,2016
"1551",292,33,0,-1,3,19.443353,2016
"1552",292,36,3,-1,3,23.4355227142857,2016
"1553",293,5,3,0,1,NA,2016
"1554",293,8,0,0,1,10.1232745714286,2016
"1555",293,9,3,1,1,13.6251294285714,2016
"1556",293,12,0,1,1,10.0317982857143,2016
"1557",293,13,3,0,2,12.7075105714286,2016
"1558",293,16,0,0,2,9.42007342857143,2016
"1559",293,17,0,1,2,11.7174647142857,2016
"1560",293,20,3,1,2,15.8122952857143,2016
"1561",293,21,3,-1,2,15.2158778571429,2016
"1562",293,24,0,-1,2,11.6595192857143,2016
"1563",293,25,0,1,3,9.57823057142857,2016
"1564",293,28,3,1,3,14.0394618571429,2016
"1565",293,29,3,0,3,13.9140674285714,2016
"1566",293,32,0,0,3,10.8661325714286,2016
"1567",293,33,0,-1,3,11.9395847142857,2016
"1568",293,36,3,-1,3,15.1093145714286,2016
"1569",294,5,3,0,1,NA,2016
"1570",294,8,0,0,1,16.877626,2016
"1571",294,9,3,1,1,18.6968474285714,2016
"1572",294,12,0,1,1,16.1252742857143,2016
"1573",294,13,3,0,2,19.5819058571429,2016
"1574",294,16,0,0,2,16.8547567142857,2016
"1575",294,17,0,1,2,18.4379907142857,2016
"1576",294,20,3,1,2,21.1014567142857,2016
"1577",294,21,3,-1,2,19.3091634285714,2016
"1578",294,24,0,-1,2,16.6936337142857,2016
"1579",294,25,0,1,3,16.8060541428571,2016
"1580",294,28,3,1,3,20.3070755714286,2016
"1581",294,29,3,0,3,19.6311644285714,2016
"1582",294,32,0,0,3,16.7886322857143,2016
"1583",294,33,0,-1,3,17.1464717142857,2016
"1584",294,36,3,-1,3,20.7565515714286,2016
"1585",295,5,3,0,1,NA,2016
"1586",295,8,0,0,1,18.3885887142857,2016
"1587",295,9,3,1,1,20.1026201428571,2016
"1588",295,12,0,1,1,17.7352311428571,2016
"1589",295,13,3,0,2,21.0249615714286,2016
"1590",295,16,0,0,2,18.271211,2016
"1591",295,17,0,1,2,19.9118494285714,2016
"1592",295,20,3,1,2,22.4566935714286,2016
"1593",295,21,3,-1,2,20.7101318571429,2016
"1594",295,24,0,-1,2,18.3068592857143,2016
"1595",295,25,0,1,3,18.2089551428571,2016
"1596",295,28,3,1,3,21.660294,2016
"1597",295,29,3,0,3,20.9565955714286,2016
"1598",295,32,0,0,3,18.2828872857143,2016
"1599",295,33,0,-1,3,18.6325825714286,2016
"1600",295,36,3,-1,3,22.2312038571429,2016
"1601",296,5,3,0,1,NA,2016
"1602",296,8,0,0,1,7.94604542857143,2016
"1603",296,9,3,1,1,9.36360171428571,2016
"1604",296,12,0,1,1,7.82705714285714,2016
"1605",296,13,3,0,2,10.4637075714286,2016
"1606",296,16,0,0,2,7.94156914285714,2016
"1607",296,17,0,1,2,9.77487028571429,2016
"1608",296,20,3,1,2,11.3054541428571,2016
"1609",296,21,3,-1,2,10.4644811428571,2016
"1610",296,24,0,-1,2,8.78648428571429,2016
"1611",296,25,0,1,3,7.97787757142857,2016
"1612",296,28,3,1,3,11.0972821428571,2016
"1613",296,29,3,0,3,9.95562957142857,2016
"1614",296,32,0,0,3,8.524818,2016
"1615",296,33,0,-1,3,8.40783357142857,2016
"1616",296,36,3,-1,3,11.1397741428571,2016
"1617",297,5,3,0,1,NA,2016
"1618",297,8,0,0,1,8.29606371428572,2016
"1619",297,9,3,1,1,11.9482802857143,2016
"1620",297,12,0,1,1,8.35878728571429,2016
"1621",297,13,3,0,2,11.8022442857143,2016
"1622",297,16,0,0,2,7.87855271428571,2016
"1623",297,17,0,1,2,9.95594457142857,2016
"1624",297,20,3,1,2,13.6262747142857,2016
"1625",297,21,3,-1,2,12.9931612857143,2016
"1626",297,24,0,-1,2,9.75518228571429,2016
"1627",297,25,0,1,3,8.09313485714286,2016
"1628",297,28,3,1,3,12.0683962857143,2016
"1629",297,29,3,0,3,12.4160148571429,2016
"1630",297,32,0,0,3,9.260141,2016
"1631",297,33,0,-1,3,9.56002785714286,2016
"1632",297,36,3,-1,3,13.5429584285714,2016
"1633",298,5,3,0,1,NA,2016
"1634",298,8,0,0,1,2.07115371428571,2016
"1635",298,9,3,1,1,6.14718028571429,2016
"1636",298,12,0,1,1,2.51391157142857,2016
"1637",298,13,3,0,2,5.11583071428571,2016
"1638",298,16,0,0,2,1.13696542857143,2016
"1639",298,17,0,1,2,3.78481471428571,2016
"1640",298,20,3,1,2,7.65569285714286,2016
"1641",298,21,3,-1,2,7.53453014285714,2016
"1642",298,24,0,-1,2,3.93292928571429,2016
"1643",298,25,0,1,3,1.41768957142857,2016
"1644",298,28,3,1,3,5.48587914285714,2016
"1645",298,29,3,0,3,6.45234071428571,2016
"1646",298,32,0,0,3,3.36918528571429,2016
"1647",298,33,0,-1,3,3.97375057142857,2016
"1648",298,36,3,-1,3,7.979133,2016
"1649",299,5,3,0,1,NA,2016
"1650",299,8,0,0,1,0.902206285714286,2016
"1651",299,9,3,1,1,5.00442885714286,2016
"1652",299,12,0,1,1,1.535185,2016
"1653",299,13,3,0,2,4.44508714285714,2016
"1654",299,16,0,0,2,0.484530285714286,2016
"1655",299,17,0,1,2,2.79819414285714,2016
"1656",299,20,3,1,2,6.574834,2016
"1657",299,21,3,-1,2,6.29016971428571,2016
"1658",299,24,0,-1,2,2.78106871428571,2016
"1659",299,25,0,1,3,0.912605571428571,2016
"1660",299,28,3,1,3,4.882762,2016
"1661",299,29,3,0,3,5.24538385714286,2016
"1662",299,32,0,0,3,2.44719271428571,2016
"1663",299,33,0,-1,3,2.60740014285714,2016
"1664",299,36,3,-1,3,6.58522671428571,2016
"1665",300,5,3,0,1,NA,2016
"1666",300,8,0,0,1,-0.204204714285714,2016
"1667",300,9,3,1,1,3.56329314285714,2016
"1668",300,12,0,1,1,-0.282487428571429,2016
"1669",300,13,3,0,2,3.00242185714286,2016
"1670",300,16,0,0,2,-0.921212571428571,2016
"1671",300,17,0,1,2,1.65945042857143,2016
"1672",300,20,3,1,2,5.53814214285714,2016
"1673",300,21,3,-1,2,4.13394328571429,2016
"1674",300,24,0,-1,2,0.221868142857143,2016
"1675",300,25,0,1,3,-0.808299714285714,2016
"1676",300,28,3,1,3,3.24609457142857,2016
"1677",300,29,3,0,3,3.84790228571429,2016
"1678",300,32,0,0,3,0.356501857142857,2016
"1679",300,33,0,-1,3,1.03075585714286,2016
"1680",300,36,3,-1,3,5.034418,2016
"1681",301,5,3,0,1,NA,2016
"1682",301,8,0,0,1,11.1141764285714,2016
"1683",301,9,3,1,1,12.1708387142857,2016
"1684",301,12,0,1,1,10.4869385714286,2016
"1685",301,13,3,0,2,12.0600194285714,2016
"1686",301,16,0,0,2,11.0959891428571,2016
"1687",301,17,0,1,2,12.6484592857143,2016
"1688",301,20,3,1,2,14.342769,2016
"1689",301,21,3,-1,2,12.8516881428571,2016
"1690",301,24,0,-1,2,11.1166555714286,2016
"1691",301,25,0,1,3,11.1032201428571,2016
"1692",301,28,3,1,3,13.9365144285714,2016
"1693",301,29,3,0,3,13.0181708571429,2016
"1694",301,32,0,0,3,11.2491691428571,2016
"1695",301,33,0,-1,3,11.1229695714286,2016
"1696",301,36,3,-1,3,12.4032112857143,2016
"1697",302,5,3,0,1,NA,2016
"1698",302,8,0,0,1,5.89485685714286,2016
"1699",302,9,3,1,1,9.07778771428571,2016
"1700",302,12,0,1,1,5.64004785714286,2016
"1701",302,13,3,0,2,9.05436328571429,2016
"1702",302,16,0,0,2,5.52576814285714,2016
"1703",302,17,0,1,2,7.61289171428571,2016
"1704",302,20,3,1,2,11.0513874285714,2016
"1705",302,21,3,-1,2,9.54724314285714,2016
"1706",302,24,0,-1,2,6.38035285714286,2016
"1707",302,25,0,1,3,5.68248757142857,2016
"1708",302,28,3,1,3,9.60571028571429,2016
"1709",302,29,3,0,3,9.57286985714286,2016
"1710",302,32,0,0,3,6.42331714285714,2016
"1711",302,33,0,-1,3,6.75457185714286,2016
"1712",302,36,3,-1,3,10.5696284285714,2016
"1713",303,5,3,0,1,NA,2016
"1714",303,8,0,0,1,12.3397677142857,2016
"1715",303,9,3,1,1,16.1269922857143,2016
"1716",303,12,0,1,1,12.2046081428571,2016
"1717",303,13,3,0,2,16.202148,2016
"1718",303,16,0,0,2,12.2792745714286,2016
"1719",303,17,0,1,2,13.705496,2016
"1720",303,20,3,1,2,17.6239032857143,2016
"1721",303,21,3,-1,2,16.8333224285714,2016
"1722",303,24,0,-1,2,13.6240248571429,2016
"1723",303,25,0,1,3,12.3646071428571,2016
"1724",303,28,3,1,3,16.361833,2016
"1725",303,29,3,0,3,16.653272,2016
"1726",303,32,0,0,3,13.4365371428571,2016
"1727",303,33,0,-1,3,13.0478598571429,2016
"1728",303,36,3,-1,3,16.9709272857143,2016
"1729",304,5,3,0,1,NA,2016
"1730",304,8,0,0,1,4.96397585714286,2016
"1731",304,9,3,1,1,8.32184857142857,2016
"1732",304,12,0,1,1,5.07752457142857,2016
"1733",304,13,3,0,2,8.176886,2016
"1734",304,16,0,0,2,4.47907857142857,2016
"1735",304,17,0,1,2,6.71835871428571,2016
"1736",304,20,3,1,2,9.99843771428571,2016
"1737",304,21,3,-1,2,9.17816828571429,2016
"1738",304,24,0,-1,2,6.16135171428571,2016
"1739",304,25,0,1,3,4.79809371428571,2016
"1740",304,28,3,1,3,8.65907057142857,2016
"1741",304,29,3,0,3,8.40032257142857,2016
"1742",304,32,0,0,3,5.81313257142857,2016
"1743",304,33,0,-1,3,6.31970914285714,2016
"1744",304,36,3,-1,3,10.2151291428571,2016
"1745",305,5,3,0,1,NA,2016
"1746",305,8,0,0,1,-0.568104285714286,2016
"1747",305,9,3,1,1,3.77919557142857,2016
"1748",305,12,0,1,1,-0.0524865714285714,2016
"1749",305,13,3,0,2,2.652363,2016
"1750",305,16,0,0,2,-1.32406314285714,2016
"1751",305,17,0,1,2,1.10581628571429,2016
"1752",305,20,3,1,2,5.03277985714286,2016
"1753",305,21,3,-1,2,4.46169557142857,2016
"1754",305,24,0,-1,2,0.816349428571429,2016
"1755",305,25,0,1,3,-1.03090585714286,2016
"1756",305,28,3,1,3,2.96103714285714,2016
"1757",305,29,3,0,3,3.76798942857143,2016
"1758",305,32,0,0,3,0.368895571428571,2016
"1759",305,33,0,-1,3,1.30569828571429,2016
"1760",305,36,3,-1,3,5.29495928571429,2016
"1761",306,5,3,0,1,NA,2016
"1762",306,8,0,0,1,8.65498771428571,2016
"1763",306,9,3,1,1,12.2436652857143,2016
"1764",306,12,0,1,1,8.37574057142857,2016
"1765",306,13,3,0,2,12.5959264285714,2016
"1766",306,16,0,0,2,8.68947271428571,2016
"1767",306,17,0,1,2,10.2803662857143,2016
"1768",306,20,3,1,2,14.1455175714286,2016
"1769",306,21,3,-1,2,12.8179098571429,2016
"1770",306,24,0,-1,2,9.30713157142857,2016
"1771",306,25,0,1,3,8.58991671428571,2016
"1772",306,28,3,1,3,12.5432754285714,2016
"1773",306,29,3,0,3,12.7409705714286,2016
"1774",306,32,0,0,3,9.03825257142857,2016
"1775",306,33,0,-1,3,9.29960171428571,2016
"1776",306,36,3,-1,3,13.2876851428571,2016
