"","measurement_id","individual_id","doy","plot","warming","precipitation","block","set_leaf_temperature","measured_leaf_temperature","measured_leaf_vpd","measured_par","leaf_mass","leaf_area","specific_leaf_area","vcmax","jmax","rd","l","year"
"1","8_3_2016_8_NW_30","8NW",216,8,0,0,1,30,30.0786622861538,2.475287804,1799.534017,0.2446,38.884,158.969746524939,44.9179620027924,45.1611176501015,1.18428800433333,0.560818127287024,2016
"2","8_3_2016_8_NW_35","8NW",216,8,0,0,1,35,34.9783307592308,3.99145992669231,1800.52950033333,0.2446,38.884,158.969746524939,28.2838021889232,32.1387575400878,2.20965876036364,0.750895315990456,2016
"3","8_3_2016_8_NW_40","8NW",216,8,0,0,1,40,39.9734420769231,5.983499853,1800.84342466667,0.2446,38.884,158.969746524939,48.7073452636731,36.372504659056,2.52377072241667,0.775113495664896,2016
"4","8_4_2016_12_NW_35","12NW",217,12,0,1,1,35,35.0102743672727,4.38518818890909,1799.563965,0.5535,53.253,96.2113821138211,11.6794239038145,19.0726246403797,1.2682328165,0.745166832450209,2016
"5","8_4_2016_12_NW_40","12NW",217,12,0,1,1,40,40.0266796454545,6.17771706718182,1799.843628,0.5535,53.253,96.2113821138211,35.8417447482232,28.2474200285707,2.657954481,0.816731184815786,2016
"6","8_15_2016_12_SE_25","12SE",228,12,0,1,1,25,26.4158011223077,1.67893152253846,1799.23486333333,0.0441,6.554,148.616780045351,22.0657843131726,39.1121979336453,1.11065242227273,0.434242714318054,2016
"7","8_15_2016_12_SE_30","12SE",228,12,0,1,1,30,30.0515365607692,2.52574577323077,1799.80513533333,0.0441,6.554,148.616780045351,22.5319084057562,40.607202819047,1.12646531733333,0.404296909521259,2016
"8","8_15_2016_12_SE_35","12SE",228,12,0,1,1,35,35.0214083746154,3.88557451507692,1800.12227366667,0.0441,6.554,148.616780045351,27.2520602767047,37.6449665187525,0.66573148,0.590811161205795,2016
"9","8_8_2016_24_NW_25","24NW",221,24,0,-1,2,25,25.7351210661538,2.16063683453846,1799.84460466667,0.1493,21.021,140.797052913597,18.8212151539736,26.8886410374654,1.13535109216667,0.616827017461216,2016
"10","8_11_2016_36_NW_35","36NW",224,36,3,-1,3,35,35.0358704792308,3.05949286723077,1799.70727533333,0.1637,25.06,153.084911423335,27.0150190497748,33.2862906279101,1.70755828891667,0.621224599327342,2016
"11","7_9_2016_5_SE_20","5SE",191,5,3,0,1,20,19.9632044576923,1.08475655984615,1800.34257,0.159,31.689,199.301886792453,35.4812774043912,80.4952255503196,1.74598371177778,0.163128968697347,2016
"12","7_9_2016_5_SE_25","5SE",191,5,3,0,1,25,24.9952037507692,1.60766591092308,1800.055257,0.159,31.689,199.301886792453,61.4517465822826,115.787016521068,2.65936200594444,0.499049665247937,2016
"13","7_9_2016_5_SE_30","5SE",191,5,3,0,1,30,29.9530283115385,2.24939640938462,1800.76269533333,0.159,31.689,199.301886792453,103.322874761049,153.705156373968,2.56436877583333,0.432631274421113,2016
"14","7_9_2016_12_SE_20","12SE",191,12,0,1,1,20,18.9925858438462,1.02787699423077,1799.29833966667,0.1751,27.297,155.893774985722,22.6242761057919,71.7396336928452,1.12028337958824,0.115588647665936,2016
"15","7_9_2016_12_SE_25","12SE",191,12,0,1,1,25,25.0512536861538,1.51334562376923,1799.58235666667,0.1751,27.297,155.893774985722,55.4037122255971,82.3312251053803,1.788675054625,0.333132973098064,2016
"16","7_9_2016_12_SE_30","12SE",191,12,0,1,1,30,29.2731026861538,2.08728214953846,1799.18135566667,0.1751,27.297,155.893774985722,71.923538397631,82.3665618067882,1.30260027125,0.444079859728586,2016
"17","7_10_2016_13_SE_20","13SE",192,13,3,0,2,20,20.2113965838462,1.46624943853846,1800.054769,0.1991,27.782,139.537920642893,39.9736052381245,65.079783455956,1.41206352242105,0.338958080731007,2016
"18","7_10_2016_13_SE_25","13SE",192,13,3,0,2,25,24.9403986933333,1.76797818808333,1800.65380866667,0.1991,27.782,139.537920642893,41.3216046975773,72.1769648722834,2.21315134116667,0.754368711462966,2016
"19","7_10_2016_16_SE_20","16SE",192,16,0,0,2,20,19.9573421469231,0.962375109538462,1800.40588366667,0.2054,27.446,133.622200584226,24.7898842409384,57.0206895832145,1.09979803446667,0.261368925106214,2016
"20","7_10_2016_16_SE_25","16SE",192,16,0,0,2,25,24.3528378791667,1.46070889275,1798.86576333333,0.2054,27.446,133.622200584226,37.9163212427842,49.3337567190642,1.38795447063636,0.550799213131969,2016
"21","7_11_2016_21_SE_20","21SE",193,21,3,-1,2,20,20.8686303353846,1.46312500838462,1799.82836933333,0.057,9.241,162.122807017544,13.2549433436737,23.2278105458181,0.752930141421053,0.412111312725072,2016
"22","7_11_2016_28_SE_20","28SE",193,28,3,1,3,20,21.2590904238462,0.895732651384615,1799.57307933333,0.2138,33.267,155.598690364827,68.8747212439767,120.465051222331,1.11891000725,0.357171242147748,2016
"23","7_11_2016_28_SE_25","28SE",193,28,3,1,3,25,25.0645859053846,1.31742198838462,1799.81441233333,0.2138,33.267,155.598690364827,73.4039163676202,134.080829193119,1.34831893363636,0.33812638645114,2016
"24","7_11_2016_28_SE_30","28SE",193,28,3,1,3,30,29.9594113276923,1.97204868523077,1799.984131,0.2138,33.267,155.598690364827,123.71610991058,159.995843354748,2.07752100223077,0.448934347734678,2016
"25","7_12_2016_32_SE_35","32SE",194,32,0,0,3,35,36.4070522584615,4.85907649892308,1799.57385233333,0.2951,39.992,135.520162656727,105.43992195527,99.226571006403,2.248600336375,0.611890983055752,2016
"26","7_12_2016_32_SE_40","32SE",194,32,0,0,3,40,41.0158242438462,6.44018810253846,1799.54126,0.2951,39.992,135.520162656727,117.193275594638,88.0627129590128,2.68055756770588,0.571976234585966,2016
"27","7_12_2016_36_SE_25","36SE",194,36,3,-1,3,25,25.0923359215385,1.96713902030769,1800.191569,0.1256,17.423,138.718152866242,57.8198658411081,84.4390220344381,0.667544411470588,0.551168403120783,2016
"28","7_12_2016_36_SE_30","36SE",194,36,3,-1,3,30,30.0345469261538,2.60324165692308,1800.85176633333,0.1256,17.423,138.718152866242,82.4945688970916,79.8694041787941,2.46977710226316,0.705200258503531,2016
"29","7_12_2016_36_SE_40","36SE",194,36,3,-1,3,40,39.9168076146154,5.72332644615385,1799.779419,0.1256,17.423,138.718152866242,82.4945688970916,79.8694041787941,2.894367692,0.897989886397975,2016
"30","7_13_2016_8_NW_25","8NW",195,8,0,0,1,25,25.3122545392308,1.49598643046154,1798.89607733333,0.1398,34.172,244.434907010014,68.5199554764138,124.999487200153,2.63760195153846,0.283777903779296,2016
"31","7_13_2016_8_NW_30","8NW",195,8,0,0,1,30,30.0746534776923,1.56432051269231,1800.11995466667,0.1398,34.172,244.434907010014,108.222280512354,171.089318508389,3.76278946984615,0.397794374224464,2016
"32","7_13_2016_8_NW_35","8NW",195,8,0,0,1,35,35.02433865,2.85867752130769,1799.51904266667,0.1398,34.172,244.434907010014,155.913547667875,188.969689036245,4.96920134915385,0.536439680937112,2016
"33","7_13_2016_8_NW_40","8NW",195,8,0,0,1,40,40.0081147415385,4.84997266853846,1800.67126466667,0.1398,34.172,244.434907010014,159.593505364144,158.435042730052,5.64503150425,0.70000980214794,2016
"34","7_13_2016_9_NW_25","9NW",195,9,3,1,1,25,25.07477731,1.48072464707692,1799.01940933333,0.1179,26.673,226.234096692112,49.0722146569828,69.5765100084925,0.802935916705882,0.33603506155229,2016
"35","7_13_2016_9_NW_30","9NW",195,9,3,1,1,30,30.0539471538462,2.098004646,1800.67008466667,0.1179,26.673,226.234096692112,80.5461018290167,105.349855986926,1.2596186905,0.389921539057884,2016
"36","7_13_2016_9_NW_35","9NW",195,9,3,1,1,35,35.0376199561538,3.14929723092308,1800.59692366667,0.1179,26.673,226.234096692112,145.220098576562,134.990934929073,1.88852609672222,0.567594597038528,2016
"37","7_14_2016_16_NW_30","16NW",196,16,0,0,2,30,30.0117667284615,1.94205064784615,1800.33483866667,0.1089,14.643,134.462809917355,102.149838538537,154.865024621051,2.43346833216667,0.512469204690478,2016
"38","7_14_2016_16_NW_35","16NW",196,16,0,0,2,35,35.0606137784615,3.048287444,1800.36560066667,0.1089,14.643,134.462809917355,157.819703429175,138.316180767851,2.38181028892308,0.706656174724832,2016
"39","7_14_2016_17_NW_30","17NW",196,17,0,1,2,30,30.0348255438462,2.47231042023077,1800.037679,0.1247,18.096,145.116279069767,30.6942639166506,29.0430859896026,1.539453652,0.611129196164571,2016
"40","7_14_2016_17_NW_40","17NW",196,17,0,1,2,40,39.9359103118182,4.609178607,1798.748779,0.1247,18.096,145.116279069767,19.7310140428714,23.8695337543726,1.40452482772727,0.58271449204483,2016
"41","7_18_2016_21_NW_35","21NW",200,21,3,-1,2,35,35.9211463930769,2.76294222776923,1799.993408,0.2768,39.703,143.435693641619,206.23171635693,220.218902020229,2.56207821918182,0.453399859285241,2016
"42","7_18_2016_21_NW_40","21NW",200,21,3,-1,2,40,40.0789161076923,4.44516688446154,1800.29536933333,0.2768,39.703,143.435693641619,278.755925855408,211.598745677229,3.65955850618182,0.58806078384939,2016
"43","7_18_2016_21_SE_35","21SE",200,21,3,-1,2,35,36.09403038,4.09928104941667,1799.9404905,0.0668,12.987,194.416167664671,13.7959358075698,16.6827869710575,1.4437028255625,0.632065299252748,2016
"44","7_19_2016_24_NW_25","24NW",201,24,0,-1,2,25,26.2125857423077,2.022381016,1800.18306466667,0.2225,34.114,153.321348314607,27.0909930953522,43.3118730772881,1.05150810404545,0.479561563519572,2016
"45","7_19_2016_24_NW_30","24NW",201,24,0,-1,2,30,30.0473640146154,2.72838429861538,1800.38167333333,0.2225,34.114,153.321348314607,24.8459078047104,39.3243011484856,1.189990596625,0.438675065183643,2016
"46","7_19_2016_24_NW_35","24NW",201,24,0,-1,2,35,35.0044068546154,4.12889828638462,1799.609538,0.2225,34.114,153.321348314607,39.1891171724432,39.4198511952302,2.54490155368421,0.673091593603895,2016
"47","7_19_2016_24_NW_40","24NW",201,24,0,-1,2,40,39.8862686153846,6.00422001684615,1799.704956,0.2225,34.114,153.321348314607,39.1891171724432,39.4198511952302,3.52085352370588,0.205549495761671,2016
"48","7_19_2016_24_SE_30","24SE",201,24,0,-1,2,30,31.4279708853846,3.08612964107692,1800.06909166667,0.0716,11.293,157.723463687151,39.1891171724432,39.4198511952302,1.44806036192308,0.597425288401656,2016
"49","7_19_2016_24_SE_35","24SE",201,24,0,-1,2,35,34.9888916007692,3.93401518438462,1799.777832,0.0716,11.293,157.723463687151,31.3927721458677,33.3975108900227,1.92836755122222,0.604629226134269,2016
"50","7_19_2016_24_SE_40","24SE",201,24,0,-1,2,40,40.0183266846154,5.65210887615385,1799.23148633333,0.0716,11.293,157.723463687151,40.9871443228068,29.7533577029538,2.29812549546154,0.761195913304781,2016
"51","7_20_2016_25_NW_30","25NW",202,25,0,1,3,30,30.2739708238462,2.81003142369231,1800.565511,0.1122,17.501,155.980392156863,121.723879917335,145.070150839244,2.39669568316667,0.596901294326348,2016
"52","7_20_2016_25_NW_35","25NW",202,25,0,1,3,35,34.9897956838462,4.04840122607692,1799.87263966667,0.1122,17.501,155.980392156863,180.489806505866,170.837282899487,2.01446755507692,0.676096754420553,2016
"53","7_20_2016_25_NW_40","25NW",202,25,0,1,3,40,39.7324189392308,5.69165762269231,1799.22880033333,0.1122,17.501,155.980392156863,359.068856424201,181.85043351431,3.43290887616667,0.818646850177387,2016
"54","7_20_2016_25_SE_25","25SE",202,25,0,1,3,25,25.0650788830769,2.11283069192308,1800.138672,0.1222,24.16,197.708674304419,27.7890148603065,48.6665442889872,0.559385806,0.456121362962894,2016
"55","7_20_2016_25_SE_30","25SE",202,25,0,1,3,30,29.9839841407692,3.091337878,1800.50008133333,0.1222,24.16,197.708674304419,31.5439380339201,44.0728897066079,1.24839368429412,0.560075059382759,2016
"56","7_20_2016_25_SE_35","25SE",202,25,0,1,3,35,35.0029346761538,4.57720588446154,1800.39265966667,0.1222,24.16,197.708674304419,31.5439380339201,44.0728897066079,2.45971955252941,0.456646017378395,2016
"57","7_20_2016_25_SE_40","25SE",202,25,0,1,3,40,39.9625129692308,6.40838002276923,1799.40608733333,0.1222,24.16,197.708674304419,27.1525167709344,33.7512915880181,2.2855976214375,0,2016
"58","7_25_2016_28_NW_35","28NW",207,28,3,1,3,35,35.9139706515385,4.290860625,1799.848633,0.138,15.284,110.753623188406,44.6266278367739,29.4918600258795,1.84741879172727,0.722715505690908,2016
"59","7_25_2016_28_NW_40","28NW",207,28,3,1,3,40,39.2599968538462,5.23879886330769,1798.811218,0.138,15.284,110.753623188406,23.1395194701501,22.0598319781946,1.91451560246154,0.559223262949575,2016
"60","7_25_2016_28_SE_30","28SE",207,28,3,1,3,30,29.9172345936364,2.75874408590909,1799.499756,0.1768,26.378,149.196832579185,107.053426977789,116.864029899399,1.207396929625,0.631910236123519,2016
"61","7_25_2016_28_SE_35","28SE",207,28,3,1,3,35,35.0067335766667,3.90018263933333,1800.24825033333,0.1768,26.378,149.196832579185,157.430356700751,118.755259711234,1.58117390910526,0.85110172484792,2016
"62","7_25_2016_28_SE_40","28SE",207,28,3,1,3,40,39.9795408984615,5.30181514730769,1799.932536,0.1768,26.378,149.196832579185,231.904917386383,155.453384685305,2.17605614058621,0.829031344616611,2016
"63","7_26_2016_29_NW_30","29NW",208,29,3,0,3,30,31.9588962909091,3.45253759781818,1799.670288,0.2046,24.458,119.540566959922,17.7495745464944,29.7733748334067,0.81786802945,0.785418687983163,2016
"64","7_26_2016_29_NW_35","29NW",208,29,3,0,3,35,35.0898707453846,4.20774284953846,1799.717733,0.2046,24.458,119.540566959922,24.6135654759549,31.1101197130412,1.54664562422222,0.704565655959595,2016
"65","7_28_2016_33_NW_35","33NW",210,33,0,-1,3,35,35.8945961,3.39418674446154,1799.524699,0.3002,47.118,156.955363091272,158.521336799129,151.189556213188,2.12846705058333,0.481852550171739,2016
"66","7_28_2016_33_NW_40","33NW",210,33,0,-1,3,40,40.0022676915385,4.85708160746154,1799.84415666667,0.3002,47.118,156.955363091272,208.406563504296,167.696729794591,2.76056498136364,0.558057959422957,2016
"67","8_1_2016_36_NW_25","36NW",214,36,3,-1,3,25,26.5667419438462,2.11723006338462,1799.932739,0.1245,19.193,154.160642570281,6.81817280465986,18.1640999117475,0.068940071,0.332336418278465,2016
"68","8_1_2016_36_SE_20","36SE",214,36,3,-1,3,20,22.1164460191667,1.6310361105,1800.39774566667,0.0732,9.887,135.068306010929,21.440712319558,49.3361516483649,0.709049066882353,0.46645598566549,2016
"69","8_1_2016_36_SE_30","36SE",214,36,3,-1,3,30,29.9828536692308,2.86824087407692,1799.70487466667,0.0732,9.887,135.068306010929,25.8065362823948,43.6026319493108,0.879945877344828,0.55359639248566,2016
"70","8_1_2016_36_SE_35","36SE",214,36,3,-1,3,35,34.8820712761538,4.19126650084615,1799.90189633333,0.0732,9.887,135.068306010929,23.3761287573623,34.740362759845,1.75406304647059,0.591655805696712,2016
"71","8_3_2016_5_NW_25","5NW",216,5,3,0,1,25,25.0556659707692,1.81293820953846,1799.66247533333,0.4618,58.99,127.739281074058,27.9892060754609,44.6167475384426,0.930227726,0.409159904823789,2016
"72","8_3_2016_5_NW_30","5NW",216,5,3,0,1,30,30.001796342,2.8874608806,1800.208862,0.4618,58.99,127.739281074058,18.9469583284632,35.695436195488,1.248972278375,0.983280223661257,2016
"73","8_3_2016_5_NW_35","5NW",216,5,3,0,1,35,34.9748004038462,4.40575432838462,1800.8032225,0.4618,58.99,127.739281074058,16.0707777463298,25.3920590932528,1.8818360660625,0.500339947119728,2016
"74","8_3_2016_9_NW_30","9NW",216,9,3,1,1,30,32.39524988,3.36509176338462,1800.07430033333,0.291,26.637,91.5360824742268,15.3936798876668,17.8652283624908,2.02134463436364,0.73356844717468,2016
"75","8_4_2016_13_NW_30","13NW",217,13,3,0,2,30,30.5262073785714,3.26952042657143,1800.0648195,0.1245,17.485,140.441767068273,34.6456125709921,31.6614372435602,1.73953215411765,0.633551077758816,2016
"76","8_4_2016_13_NW_35","13NW",217,13,3,0,2,35,35.0174211346154,4.63485279330769,1800.4675295,0.1245,17.485,140.441767068273,16.4144320072077,19.1738293652473,1.47069163141176,0.596274418434357,2016
"77","8_4_2016_16_NW_30","16NW",217,16,0,0,2,30,30.0052521053846,2.27992310792308,1799.820394,0.1417,19.942,140.733944954128,93.8100105747307,100.109510561328,2.24213734246154,0.519149768160239,2016
"78","8_4_2016_16_NW_35","16NW",217,16,0,0,2,35,35.0109270546154,3.45496105707692,1799.63977066667,0.1417,19.942,140.733944954128,105.491621192107,88.6995415692497,2.7874811566875,0.642648640123428,2016
"79","8_8_2016_25_NW_30","25NW",221,25,0,1,3,30,30.0315164415385,3.04727679276923,1799.75333666667,0.1082,14.787,136.663585951941,50.9756179366809,88.6050940393192,2.72023242513636,0.684791798417594,2016
"80","8_8_2016_25_NW_35","25NW",221,25,0,1,3,35,35.0374054546154,4.38623744192308,1799.722941,0.1082,14.787,136.663585951941,92.15774591383,85.2512725495846,2.47816757061538,0.790930355163661,2016
"81","8_8_2016_25_NW_40","25NW",221,25,0,1,3,40,39.7031338023077,6.06894796992308,1800.30387366667,0.1082,14.787,136.663585951941,103.191397960387,74.9701270212574,2.59532202008333,0.767424641557179,2016
"82","8_8_2016_28_NW_25","28NW",221,28,3,1,3,25,25.2358259053846,2.27251242884615,1800.472168,0.1793,24.885,138.789737869492,39.9231105393258,71.1654847035188,1.45952180875,0.545598272495273,2016
"83","8_8_2016_28_NW_30","28NW",221,28,3,1,3,30,30.0177147215385,3.24736489930769,1799.13598633333,0.1793,24.885,138.789737869492,27.9310063298755,56.5258841623584,1.22386535027778,0.632318222998698,2016
"84","8_8_2016_28_NW_35","28NW",221,28,3,1,3,35,34.9757253215385,4.66831311538462,1799.33471666667,0.1793,24.885,138.789737869492,34.3802319536875,40.3891482395857,3.18060444682353,0.671130947896539,2016
"85","8_8_2016_28_NW_40","28NW",221,28,3,1,3,40,39.9625728323077,6.49818564076923,1799.239746,0.1793,24.885,138.789737869492,33.6950382706858,29.8319218114252,2.79788719157143,0.619631800162787,2016
"86","8_9_2016_32_NW_25","32NW",222,32,0,0,3,25,26.0122447384615,2.34760387223077,675.217666145375,0.2478,40.62,163.922518159806,17.754530262696,41.005518793004,0.255738539777778,0.763520981132163,2016
"87","8_9_2016_32_NW_35","32NW",222,32,0,0,3,35,34.9629173292308,4.600243804,1800.2699585,0.2478,40.62,163.922518159806,24.5499609789358,38.326181611632,1.74316484045,0.526561974874694,2016
"88","8_9_2016_33_NW_30","33NW",222,33,0,-1,3,30,30.1226841853846,2.39650134646154,1799.85457366667,0.2291,28.235,123.243125272807,121.784920031266,154.109874237527,1.88030943358333,0.399643514845829,2016
"89","8_9_2016_33_NW_35","33NW",222,33,0,-1,3,35,35.0253950284615,3.31580302315385,1799.91247566667,0.2291,28.235,123.243125272807,265.797335354589,185.107709056746,3.1037804,0.647236479187161,2016
"90","8_15_2016_8_SE_30","8SE",228,8,0,0,1,30,30.0449418284615,2.45353053238462,1799.89908866667,0.1361,18.839,138.420279206466,126.673740793554,132.20214911696,1.92213972296,0.600659471917229,2016
"91","8_15_2016_9_SE_30","9SE",228,9,3,1,1,30,30.3181840461538,2.48274602853846,1799.08447266667,0.1329,19.724,148.412340105342,87.2616752437071,81.7633525511009,1.88099943772727,0.575313942347485,2016
"92","8_15_2016_9_SE_35","9SE",228,9,3,1,1,35,34.9977059,3.48492479307692,1800.237915,0.1329,19.724,148.412340105342,115.779973275993,88.2232961238195,2.55786533207143,0.684041191241659,2016
"93","8_15_2016_9_SE_40","9SE",228,9,3,1,1,40,40.0221252438462,5.25344654430769,1800.34476766667,0.1329,19.724,148.412340105342,167.216565744101,90.4070943644369,2.5656186185,0.783450620550947,2016
"94","8_17_2016_16_SE_30","16SE",230,16,0,0,2,30,30.0424332246154,2.39586173046154,1799.61983233333,0.1984,22.638,114.102822580645,143.571680549246,220.899219824964,4.4421571676875,0.555867682613256,2016
"95","8_17_2016_16_SE_35","16SE",230,16,0,0,2,35,34.9281886184615,3.33775340507692,1800.586263,0.1984,22.638,114.102822580645,263.682207078007,260.071367211332,4.2081847992069,0.654223693566015,2016
"96","8_18_2016_17_SE_30","17SE",231,17,0,1,2,30,30.0883486830769,2.52864339246154,1800.048706,0.1685,23.92,141.958456973294,74.2872044649636,101.483935893234,2.059599414375,0.553357849468823,2016
"97","8_18_2016_17_SE_35","17SE",231,17,0,1,2,35,35.03033594,4.06254766915385,1800.31722,0.1685,23.92,141.958456973294,146.516798628811,111.680832506778,2.9620704911875,0.754098948434187,2016
"98","8_19_2016_21_SE_30","21SE",232,21,3,-1,2,30,30.4224351746154,2.72590224623077,1799.48356133333,0.0772,13.07,169.300518134715,51.0428872877122,64.1216122739185,1.5647244715,0.50714349159071,2016
"99","8_19_2016_21_SE_35","21SE",232,21,3,-1,2,35,35.2710712146154,3.83281638792308,1799.77555333333,0.0772,13.07,169.300518134715,44.8793125600288,56.4205371736114,1.63563263491667,0.582094794411278,2016
"100","8_19_2016_21_SE_40","21SE",232,21,3,-1,2,40,40.0136401838462,5.65181653369231,1799.86043266667,0.0772,13.07,169.300518134715,57.5929492976959,55.2650685701552,2.46216313466667,0.698722815700926,2016
"101","8_19_2016_24_SE_25","24SE",232,24,0,-1,2,25,25.0920242892308,2.07897815030769,1080.1285586812,0.0666,11.261,169.084084084084,5.91163656122851,15.3774176257699,0.578822552344828,0.702734699984421,2016
"102","8_19_2016_24_SE_30","24SE",232,24,0,-1,2,30,30.0684650123077,2.69002885338462,1800.2454225,0.0666,11.261,169.084084084084,6.76274920108117,15.553225772521,1.02481123458824,0.249436552754456,2016
"103","8_19_2016_24_SE_35","24SE",232,24,0,-1,2,35,35.0658774738462,4.20215129430769,1800.426636,0.0666,11.261,169.084084084084,13.0286598890333,20.8170328352849,1.874182859375,0,2016
"104","8_22_2016_25_SE_25","25SE",235,25,0,1,3,25,25.0840151853846,1.835448432,1800.61051433333,0.1147,15.877,138.421970357454,41.6889272547762,73.3457165840533,1.1009207474375,0.374194348721383,2016
"105","8_22_2016_25_SE_30","25SE",235,25,0,1,3,30,29.9843255561538,2.40747025769231,1799.88171366667,0.1147,15.877,138.421970357454,66.5980949320164,83.9779824963938,1.76864064575,0.452454385304229,2016
"106","8_22_2016_28_SE_25","28SE",235,28,3,1,3,25,26.1523252638462,1.68982562346154,1799.562337,0.1931,19.882,102.962195753496,85.999306467437,146.888489097397,1.47935283808333,0.4693802585643,2016
"107","8_22_2016_28_SE_30","28SE",235,28,3,1,3,30,30.0218721538462,1.95562475630769,1799.19571966667,0.1931,19.882,102.962195753496,128.548730053241,176.778596075226,2.4366396765,0.523438315744253,2016
"108","8_22_2016_28_SE_35","28SE",235,28,3,1,3,35,34.9596349269231,3.29157915184615,1799.855184,0.1931,19.882,102.962195753496,207.994847102618,184.594933690036,3.139571873,0.542495471567588,2016
"109","8_23_2016_29_SE_25","29SE",236,29,3,0,3,25,25.8967103230769,2.02531725030769,1799.49613466667,0.3155,34.71,110.015847860539,68.6270231981378,94.5364934565248,1.5575188674,0.492036167351793,2016
"110","8_23_2016_29_SE_30","29SE",236,29,3,0,3,30,29.9631639638462,2.67927508761538,900.1533194435,0.3155,34.71,110.015847860539,96.1643772032465,93.2753719667988,0.728514278928571,0.754173597269861,2016
"111","8_23_2016_32_SE_20","32SE",236,32,0,0,3,20,20.2420812761538,1.02290840446154,1800.244873,0.215,20.904,97.2279069767442,56.0351592115085,128.282317545223,0.438655977333333,0.25208539053656,2016
"112","8_23_2016_32_SE_25","32SE",236,32,0,0,3,25,25.0428785184615,1.44235267838462,1800.169637,0.215,20.904,97.2279069767442,79.4408618123867,156.964340690836,0.753963177636364,0.333626912091604,2016
"113","8_23_2016_32_SE_30","32SE",236,32,0,0,3,30,30.01619427,2.26791566376923,1800.63134766667,0.215,20.904,97.2279069767442,140.32555520846,207.593894001259,2.5628786738,0.429088208308171,2016
"114","8_24_2016_36_SE_25","36SE",237,36,3,-1,3,25,25.26653686,2.15025536869231,1800.085734,0.1077,11.846,109.990714948932,49.5455470575591,84.873102170047,0.997559163083333,0.538561446457817,2016
"115","8_24_2016_36_SE_30","36SE",237,36,3,-1,3,30,30.0803954792308,2.79860390315385,1800.25773133333,0.1077,11.846,109.990714948932,66.4792304832092,85.1489787372496,1.23653399,0.655675587614488,2016
"116","8_24_2016_36_SE_35","36SE",237,36,3,-1,3,35,34.9626816976923,4.233811544,1800.31620266667,0.1077,11.846,109.990714948932,75.51317884705,73.32143110066,2.23632025363158,0.735037897054643,2016
"117","8_24_2016_36_SE_40","36SE",237,36,3,-1,3,40,39.9161899269231,6.034943327,1800.257894,0.1077,11.846,109.990714948932,75.51317884705,73.32143110066,3.65320639688235,0.661655844517962,2016
"118","8_25_2016_5_NW_25","5NW",238,5,3,0,1,25,25.3550049707692,1.58522006738462,1799.299886,0.5693,71.861,126.226945371509,75.0479833585963,131.602784413018,1.56474060528571,0.402008739483754,2016
"119","8_25_2016_5_NW_30","5NW",238,5,3,0,1,30,29.9787536030769,2.21584609207692,1800.23417166667,0.5693,71.861,126.226945371509,126.156777484334,155.168455107671,2.436464522625,0.501773928018212,2016
"120","8_25_2016_5_NW_35","5NW",238,5,3,0,1,35,34.9672745938462,3.47778947930769,1799.69059233333,0.5693,71.861,126.226945371509,126.156777484334,155.168455107671,3.30475585129412,0.320981445859945,2016
"121","8_25_2016_8_NW_30","8NW",238,8,0,0,1,30,30.3562671946154,1.84571208761538,1799.418986,0.1806,26.179,144.955703211517,95.6051182438385,139.490460845551,1.87907712975,0.391989857851389,2016
"122","8_25_2016_8_NW_35","8NW",238,8,0,0,1,35,35.0145920976923,3.16749898884615,1800.53800466667,0.1806,26.179,144.955703211517,144.691583680872,165.898854394509,2.13935699135714,0.549900404369109,2016
"123","8_25_2016_8_NW_40","8NW",238,8,0,0,1,40,39.9636412392308,4.58168450176923,1800.30550133333,0.1806,26.179,144.955703211517,227.285619094795,135.932413051514,2.71652408809091,0.715799660257901,2016
"124","8_29_2016_12_NW_20","12NW",242,12,0,1,1,20,21.5923287330769,1.10146878561538,1800.14725733333,0.712,70.002,98.3174157303371,45.0331068551929,112.456283085409,1.3131071724375,0.427816081026804,2016
"125","8_29_2016_12_NW_25","12NW",242,12,0,1,1,25,25.2519550323077,1.23506655184615,1800.681966,0.712,70.002,98.3174157303371,61.7169589699916,123.706522190199,1.24409770194118,0.332069351127577,2016
"126","8_29_2016_12_NW_30","12NW",242,12,0,1,1,30,30.0154225269231,2.12609128146154,1799.70092766667,0.712,70.002,98.3174157303371,106.457610471086,134.955626127633,1.87736379575,0.46260465626564,2016
"127","8_29_2016_12_NW_35","12NW",242,12,0,1,1,35,35.0236443746154,3.71272476376923,1800.012085,0.712,70.002,98.3174157303371,152.285432999497,156.271891683693,2.33083650836364,0.685359353252326,2016
"128","8_29_2016_12_NW_40","12NW",242,12,0,1,1,40,39.9703354461538,5.71091351907692,1800.19474266667,0.712,70.002,98.3174157303371,239.485448006277,183.929335213085,3.800871367125,0.793685114566048,2016
"129","8_30_2016_9_NW_20","9NW",243,9,3,1,1,20,20.4150556438462,1.326766185,1799.78658033333,0.6163,65.168,105.740710692844,40.6559557334001,106.741446607072,0.958312908636364,0.345710839578129,2016
"130","8_30_2016_9_NW_25","9NW",243,9,3,1,1,25,25.0600012269231,1.71475138307692,1799.451416,0.6163,65.168,105.740710692844,71.3498554213807,136.374629214064,1.91651751464706,0.425444807481537,2016
"131","8_30_2016_9_NW_30","9NW",243,9,3,1,1,30,30.0814766523077,2.88962783884615,1799.66569033333,0.6163,65.168,105.740710692844,99.0826490161009,139.384802384528,2.39259297266667,0.602661090344344,2016
"132","8_30_2016_9_NW_35","9NW",243,9,3,1,1,35,34.9971501276923,4.21109104807692,1801.17366533333,0.6163,65.168,105.740710692844,184.174068657163,135.496446804081,2.42873746458824,0.733395337771124,2016
"133","8_31_2016_13_NW_25","13NW",244,13,3,0,2,25,25.0328687523077,1.89410255769231,1799.85640433333,0.1044,13.083,125.316091954023,55.8009107406069,88.2271845694015,2.1681858705,0.496157898829749,2016
"134","8_31_2016_13_NW_30","13NW",244,13,3,0,2,30,29.98028183,2.50017105161538,1800.158203,0.1044,13.083,125.316091954023,80.9661376490333,103.120966867468,1.66796473621053,0.611581005242396,2016
"135","8_31_2016_13_NW_35","13NW",244,13,3,0,2,35,34.9478472207692,3.88774082307692,1799.68497733333,0.1044,13.083,125.316091954023,118.854453063701,97.9693413466504,1.783795272,0.754601996066996,2016
"136","9_8_2016_16_NW_20","16NW",252,16,0,0,2,20,20.4233779916667,1.04853738308333,1799.89082833333,0.0862,11.325,131.380510440835,24.4017357362885,56.3092932482253,1.682092860125,0.216653170701707,2016
"137","9_8_2016_16_NW_25","16NW",252,16,0,0,2,25,24.9806348369231,1.33577535376923,1800.20214866667,0.0862,11.325,131.380510440835,35.3932510484794,66.403585364546,1.67216277252941,0.291889112444821,2016
"138","9_8_2016_16_NW_30","16NW",252,16,0,0,2,30,30.0740539838462,2.40303482423077,1799.74605333333,0.0862,11.325,131.380510440835,65.5692006946355,85.3305666923996,2.56521363847368,0.445504756900014,2016
"139","9_8_2016_16_NW_35","16NW",252,16,0,0,2,35,34.9031348584615,3.46495652323077,1800.29968266667,0.0862,11.325,131.380510440835,65.5692006946355,85.3305666923996,2.66656108282353,0.215067740169867,2016
"140","9_9_2016_20_NW_25","20NW",253,20,3,1,2,25,25.6547648108333,1.39797021933333,1800.497111,0.1935,25.15,129.974160206718,25.8177307055631,52.8967081909891,0.927675173666667,0.435649033089359,2016
"141","9_9_2016_20_NW_30","20NW",253,20,3,1,2,30,30.06618353,1.96682553,1800.16731766667,0.1935,25.15,129.974160206718,44.1119250346097,56.9593692856242,2.14866010917647,0.5696462285653,2016
"142","9_9_2016_20_NW_35","20NW",253,20,3,1,2,35,35.0260388315385,3.39088301692308,1799.83947766667,0.1935,25.15,129.974160206718,60.3990373120567,46.3536777755239,2.445449472,0.65734609907302,2016
"143","9_9_2016_20_NW_40","20NW",253,20,3,1,2,40,39.9768949661538,5.388740866,1799.818298,0.1935,25.15,129.974160206718,42.4141394175187,34.4591312754969,2.46498796373333,0.481949174971325,2016
"144","9_12_2016_21_NW_20","21NW",256,21,3,-1,2,20,20.11787165,1.09095874730769,1799.244059,0.2635,20.951,79.5104364326376,58.275632409654,149.346482829178,0.915415057583333,0.234155773694558,2016
"145","9_12_2016_21_NW_25","21NW",256,21,3,-1,2,25,24.9809359030769,1.52898687338462,1800.55847166667,0.2635,20.951,79.5104364326376,91.3619151798351,176.289637040152,2.11889836690909,0.33782535371328,2016
"146","9_12_2016_21_NW_30","21NW",256,21,3,-1,2,30,29.9901985753846,2.41787527692308,1799.92891433333,0.2635,20.951,79.5104364326376,149.318536277338,189.727228269138,2.45403772277273,0.43689234864666,2016
"147","9_13_2016_24_NW_25","24NW",257,24,0,-1,2,25,25.1182425569231,2.43080630253846,1800.22639966667,0.2111,29.757,140.961629559451,17.1694050302695,31.5639911442586,1.03704012656,0.467917876467763,2016
"148","9_13_2016_24_NW_30","24NW",257,24,0,-1,2,30,30.0593979176923,3.09579019523077,1799.30839033333,0.2111,29.757,140.961629559451,29.2384560853392,37.2522813515191,2.42889888808696,0.753856578922884,2016
"149","9_13_2016_24_NW_35","24NW",257,24,0,-1,2,35,35.0163157783333,4.53022496275,1799.738729,0.2111,29.757,140.961629559451,33.8192227032482,38.7206425673725,3.55080408895455,0.760125559440851,2016
"150","9_14_2016_13_NW_25","13NW",258,13,3,0,2,25,25.08478133,2.042170857,1800.55761733333,0.1711,19.348,113.080070134424,54.2678848713231,98.6905765083689,1.51510134772222,0.597859013629065,2016
"151","9_14_2016_13_NW_30","13NW",258,13,3,0,2,30,30.0736503607692,2.65886899869231,1800.53592933333,0.1711,19.348,113.080070134424,82.0235007833484,93.4813208064794,1.70801189009091,0.663380171332239,2016
"152","9_14_2016_13_NW_35","13NW",258,13,3,0,2,35,34.9685271575,4.01430592583333,1799.36124666667,0.1711,19.348,113.080070134424,82.0235007833484,93.4813208064794,3.60324839031034,0.759209654714717,2016
"153","9_15_2016_25_NW_20","25NW",259,25,0,1,3,20,20.0071422869231,1.46721908938462,1800.661092,0.1407,15.896,112.977967306326,30.7993005852478,76.6664509225823,1.25509991125,0.426224099580804,2016
"154","9_15_2016_25_NW_25","25NW",259,25,0,1,3,25,24.9759186969231,2.15746246284615,1800.13208,0.1407,15.896,112.977967306326,58.8410105850599,87.7545944689168,2.0197558016,0.656429062909247,2016
"155","9_15_2016_25_NW_30","25NW",259,25,0,1,3,30,29.9464761416667,3.18472861883333,1800.38126633333,0.1407,15.896,112.977967306326,87.9663177904589,100.811748075663,2.885498223625,0.67715671903849,2016
"156","9_20_2016_29_NW_20","29NW",264,29,3,0,3,20,20.9147274323077,1.19361881576923,1799.785604,0.2196,25.835,117.645719489982,30.8414385538202,80.1340707350019,0.825420783125,0.505333396691875,2016
"157","9_20_2016_29_NW_25","29NW",264,29,3,0,3,25,25.0060691830769,1.46130704069231,1799.505127,0.2196,25.835,117.645719489982,63.2207237548419,106.672266562944,1.412710661,0.540981966341469,2016
"158","9_20_2016_29_NW_30","29NW",264,29,3,0,3,30,29.9629945023077,2.34563499446154,1799.79300966667,0.2196,25.835,117.645719489982,107.840344224561,137.027495792283,1.87547189736364,0.561093653083794,2016
"159","9_21_2016_32_NW_20","32NW",265,32,0,0,3,20,21.2467570684615,0.924595811461538,1800.025879,0.2626,41.39,157.616146230008,43.2049965829029,84.1080545671262,0.9406500985,0.215976758003372,2016
"160","9_21_2016_32_NW_25","32NW",265,32,0,0,3,25,25.7943122576923,1.33717877476923,1799.75073233333,0.2626,41.39,157.616146230008,58.0899946490034,98.8885189568232,1.18129431307143,0.353408653253711,2016
"161","9_21_2016_32_NW_30","32NW",265,32,0,0,3,30,30.0305304884615,2.18296054207692,1799.99507666667,0.2626,41.39,157.616146230008,90.7422827907864,106.530428182215,1.97475979694444,0.441686435581036,2016
"162","9_22_2016_33_NW_25","33NW",266,33,0,-1,3,25,25.3817549484615,1.93065586430769,1799.66975933333,0.6212,88.695,142.7801030264,94.7902526109104,146.065620320365,1.54475312865217,0.425610211818909,2016
"163","9_22_2016_33_NW_30","33NW",266,33,0,-1,3,30,30.025218805,2.50023242916667,1800.12874366667,0.6212,88.695,142.7801030264,152.836037460575,182.425447473004,2.872407526,0.512915204717437,2016
"164","9_23_2016_5_SE_20","5SE",267,5,3,0,1,20,20.0256474816667,1.48984141816667,1079.7228967374,0.3206,40.548,126.475358702433,23.5657182360375,63.6074728847147,0.630942815862069,0.545372240562414,2016
"165","9_23_2016_5_SE_25","5SE",267,5,3,0,1,25,25.0069499384615,1.90213617115385,1800.756958,0.3206,40.548,126.475358702433,52.7125840103105,84.1570965087664,1.76398422575,0.463530325036974,2016
"166","9_23_2016_5_SE_30","5SE",267,5,3,0,1,30,30.0375901746154,2.90103978707692,1799.90018733333,0.3206,40.548,126.475358702433,84.4542476555936,87.4669644870404,2.1730751914375,0.618046890112817,2016
"167","9_23_2016_5_SE_35","5SE",267,5,3,0,1,35,34.9404634330769,4.34902958423077,1800.27884966667,0.3206,40.548,126.475358702433,84.4542476555936,87.4669644870404,2.7154324645,0.563629847220328,2016
"168","9_23_2016_5_SE_40","5SE",267,5,3,0,1,40,39.6240730292308,5.87525355161538,1799.76143366667,0.3206,40.548,126.475358702433,84.4542476555936,87.4669644870404,3.544074875,0.780848138388928,2016
"169","9_26_2016_9_SE_20","9SE",270,9,3,1,1,20,19.9723675069231,1.56975264823077,1800.190674,0.1437,19.103,132.936673625609,22.4906434078585,55.6023701400148,1.209318866875,0.377594235070099,2016
"170","9_26_2016_9_SE_25","9SE",270,9,3,1,1,25,25.0107491808333,2.35155032483333,1799.17928066667,0.1437,19.103,132.936673625609,43.1463770204164,77.6137493386137,2.08508406075,0.512281567677112,2016
"171","9_26_2016_9_SE_30","9SE",270,9,3,1,1,30,30.0141760030769,3.32867452346154,1800.20544433333,0.1437,19.103,132.936673625609,85.4479242148243,99.4477675630987,3.21554822866667,0.63496254032534,2016
"172","9_26_2016_9_SE_35","9SE",270,9,3,1,1,35,34.94035721,4.70397065191667,1799.392375,0.1437,19.103,132.936673625609,179.258413814115,100.224260896735,2.20122069227778,0.838448519524019,2016
"173","9_29_2016_13_SE_20","13SE",273,13,3,0,2,20,19.9373874661538,1.30144484423077,1799.74849466667,0.2681,35.802,133.539723983588,27.123999964221,55.8486462787233,0.729717733909091,0.226516273109747,2016
"174","9_29_2016_13_SE_25","13SE",273,13,3,0,2,25,24.9026465776923,1.90194020653846,1799.98152666667,0.2681,35.802,133.539723983588,46.6957245773574,78.8419499170966,1.57143536742857,0.327113609103706,2016
"175","9_29_2016_13_SE_30","13SE",273,13,3,0,2,30,29.5498384338462,2.72011532061538,1800.84208166667,0.2681,35.802,133.539723983588,82.989437466207,96.4755954848216,1.62033640963636,0.437971433164835,2016
"176","9_30_2016_17_SE_25","17SE",274,17,0,1,2,25,24.9882114725,1.78815247975,1799.100586,0.3485,39.66,113.802008608321,62.2086911780541,126.808641425568,1.542335408125,0.364654331740409,2016
"177","9_30_2016_17_SE_30","17SE",274,17,0,1,2,30,29.2966452376923,2.62813568338462,1800.32222466667,0.3485,39.66,113.802008608321,111.443096457633,154.888457119192,2.29860042180952,0.505600475414458,2016
"178","10_4_2016_21_SE_20","21SE",278,21,3,-1,2,20,19.9818100561538,0.894944519076923,1800.091146,0.075,11.647,155.293333333333,20.4465671312232,40.5080491850795,0.656203315363636,0.235408171317159,2016
"179","10_4_2016_21_SE_25","21SE",278,21,3,-1,2,25,25.0061720338462,1.52809491838462,1800.54142233333,0.075,11.647,155.293333333333,38.9548526837318,58.8664560141894,1.53825813033333,0.345116680318313,2016
"180","10_4_2016_21_SE_30","21SE",278,21,3,-1,2,30,29.9555708076923,2.40055346323077,1799.72408033333,0.075,11.647,155.293333333333,64.5547540578107,82.8592939736963,1.47701089585714,0.482658064428717,2016
"181","10_4_2016_21_SE_35","21SE",278,21,3,-1,2,35,34.703017235,3.77815884766667,1800.516032,0.075,11.647,155.293333333333,124.599194789208,108.02355449513,2.1168904151,0.623598899833057,2016
"182","10_4_2016_25_SE_30","25SE",278,25,0,1,3,30,29.9292319369231,2.44708089723077,1800.13444033333,0.1653,18.659,112.879612825166,75.3464572442117,149.818525468786,1.928789008,0.327886862310823,2016
"183","10_5_2016_32_SE_20","32SE",279,32,0,0,3,20,20.05645972,1.41267598769231,1800.40539566667,0.4665,36.739,78.7545551982851,8.84830015888716,21.8896496018609,1.000756681375,0.14839805539835,2016
"184","10_6_2016_21_SE_20","21SE",280,21,3,-1,2,20,20.6139706830769,0.906942652153846,1800.32950866667,0.0912,10.178,111.600877192982,20.3865486204355,51.3348007636373,0.709406116636364,0.124719541808902,2016
"185","10_6_2016_21_SE_25","21SE",280,21,3,-1,2,25,25.0128891284615,1.66607670007692,1799.58870433333,0.0912,10.178,111.600877192982,33.1528263720809,63.0134182346147,0.988790385083333,0.30005567325779,2016
"186","10_6_2016_21_SE_30","21SE",280,21,3,-1,2,30,29.9908749507692,2.91424230023077,1799.704061,0.0912,10.178,111.600877192982,53.9423033153408,86.2262495379528,1.987246639,0.438261024458219,2016
"187","10_6_2016_21_SE_35","21SE",280,21,3,-1,2,35,34.97074362,4.34300563276923,1799.930542,0.0912,10.178,111.600877192982,103.81981979146,95.3864701733681,2.45485723636364,0.557395094940335,2016
"188","10_6_2016_36_SE_20","36SE",280,36,3,-1,3,20,20.0634072616667,1.24253966733333,1800.145467,0.2102,24.051,114.41960038059,35.2433837560612,83.4376611278496,1.469717796625,0.316061832711139,2016
"189","10_6_2016_36_SE_25","36SE",280,36,3,-1,3,25,25.0276140069231,1.88129777130769,1801.13993333333,0.2102,24.051,114.41960038059,64.6019763808359,117.334486187676,2.2116563364375,0.371286202308219,2016
"190","10_6_2016_36_SE_30","36SE",280,36,3,-1,3,30,29.9840529515385,2.92661158323077,1800.07214333333,0.2102,24.051,114.41960038059,105.772894451936,154.946473651767,2.91742647625,0.53023663643923,2016
"191","10_7_2016_5_NW_20","5NW",281,5,3,0,1,20,20.1595001215385,1.07585565930769,1800.36531566667,0.434,48.464,111.668202764977,45.3309411768291,115.01171362038,1.64067740918182,0.187863810819526,2016
"192","10_7_2016_5_NW_25","5NW",281,5,3,0,1,25,25.0169126076923,1.55456503738462,1799.805013,0.434,48.464,111.668202764977,73.1235007171252,146.490120997355,2.31534973145455,0.333319488909855,2016
"193","10_7_2016_5_NW_30","5NW",281,5,3,0,1,30,30.0104977530769,2.45255949246154,1799.995524,0.434,48.464,111.668202764977,114.54163573862,176.436685502272,3.73353675333333,0.450175858912424,2016
"194","10_7_2016_5_NW_35","5NW",281,5,3,0,1,35,34.9921311615385,3.47043660546154,1799.89237466667,0.434,48.464,111.668202764977,191.296947972763,192.35680437695,4.28286364990909,0.504221690547297,2016
"195","10_7_2016_24_NW_25","24NW",281,24,0,-1,2,25,25.0036145723077,2.09477745246154,1799.923218,0.1744,23.174,132.878440366972,17.9818964982399,43.6092052636573,1.462315337875,0.246357127054022,2016
"196","10_7_2016_24_NW_30","24NW",281,24,0,-1,2,30,29.9841563884615,3.11430703853846,1799.85498033333,0.1744,23.174,132.878440366972,33.0223377635918,55.2147058799158,2.1437052748125,0.416933623082295,2016
"197","10_7_2016_24_NW_35","24NW",281,24,0,-1,2,35,34.9014113741667,4.4758644685,1799.959778,0.1744,23.174,132.878440366972,48.1648866561227,68.827862184268,2.42993657393333,0.452079159954936,2016
"198","10_10_2016_12_NW_20","12NW",284,12,0,1,1,20,20.0094717341667,1.33813725291667,1800.13456233333,0.753,73.531,97.6507304116866,44.2209632071831,102.56126092512,1.44686326388889,0.268422070457692,2016
"199","10_10_2016_12_NW_25","12NW",284,12,0,1,1,25,24.978746415,2.03687068983333,1799.91007466667,0.753,73.531,97.6507304116866,72.0186308272991,126.153551833982,1.4937278959375,0.387365962989598,2016
"200","10_11_2016_13_NW_20","13NW",285,13,3,0,2,20,19.9801288007692,1.57371784653846,1799.884847,0.1448,18.591,128.390883977901,24.7941572871595,55.9642096406648,1.3054569292,0.25317851084493,2016
"201","10_11_2016_16_NW_25","16NW",285,16,0,0,2,25,24.9874370284615,2.36172234107692,1799.895467,0.1301,14.45,111.068408916218,109.076791070274,232.225071147868,2.8036940905,0.743690377265874,2016
"202","10_12_2016_20_NW_20","20NW",286,20,3,1,2,20,20.0412452415385,1.25525330123077,1800.13521333333,0.1151,14.747,128.123370981755,35.0906703925974,85.0099195178828,1.4485759152,0.268912479432876,2016
"203","10_12_2016_20_NW_25","20NW",286,20,3,1,2,25,24.9835721523077,1.97993624507692,1800.342855,0.1151,14.747,128.123370981755,58.0914826507773,117.22843336328,2.6205333078,0.411249927080881,2016
"204","10_12_2016_20_NW_30","20NW",286,20,3,1,2,30,29.9598658638462,2.98799356807692,1800.47111033333,0.1151,14.747,128.123370981755,105.266969018621,151.444200593259,3.6566667735,0.548835946754141,2016
"205","10_12_2016_20_NW_35","20NW",286,20,3,1,2,35,34.8561938361538,4.09724193815385,1799.87976066667,0.1151,14.747,128.123370981755,123.471649695065,163.349606846008,4.4597945827,0.321519000173713,2016
"206","10_13_2016_29_NW_20","29NW",287,29,3,0,3,20,20.0397023430769,1.05235661684615,1799.84220366667,0.2045,17.775,86.919315403423,44.1869611541813,116.411247811961,1.76992316790909,0.328205135154384,2016
"207","10_13_2016_29_NW_25","29NW",287,29,3,0,3,25,24.9476127607692,1.624254763,1800.49853533333,0.2045,17.775,86.919315403423,74.7901808891331,150.627431336279,2.291995811,0.376579638308616,2016
"208","10_13_2016_29_NW_30","29NW",287,29,3,0,3,30,30.0007429853846,2.51121055669231,1800.424113,0.2045,17.775,86.919315403423,110.827297510296,183.543628849756,1.67287413242857,0.450880760383583,2016
"209","10_14_2016_25_NW_20","25NW",288,25,0,1,3,20,19.9811933961538,1.55920099,1799.55118833333,0.2163,26.319,121.678224687933,15.5793755266839,47.4894364220188,1.29824822,0.44691269470275,2016
"210","10_14_2016_25_NW_25","25NW",288,25,0,1,3,25,24.9761945408333,2.32391779641667,1799.90071633333,0.2163,26.319,121.678224687933,17.6764068872986,47.3611603024922,0.753959434,0.333544183112122,2016
"211","10_17_2016_33_NW_30","33NW",291,33,0,-1,3,30,30.0363473153846,2.48277735107692,1799.40930166667,0.1492,17.645,118.264075067024,64.7102718430985,162.321744566734,3.7776854263,0.384503938101512,2016
"212","10_17_2016_33_NW_35","33NW",291,33,0,-1,3,35,34.9166908253846,3.14518527146154,1800.53100566667,0.1492,17.645,118.264075067024,99.6148016733735,155.294644692268,3.917779983375,0.342665743001187,2016
"213","10_18_2016_5_SE_20","5SE",292,5,3,0,1,20,19.9904047153846,0.770947265,1799.92427566667,0.3154,43.908,139.213696892834,32.8671159485285,80.284587264299,0.424939716,0.162025405413204,2016
"214","10_18_2016_5_SE_25","5SE",292,5,3,0,1,25,24.9994411461538,1.30191318515385,1800.676351,0.3154,43.908,139.213696892834,51.7498055961471,103.730674264389,0.339693889428571,0.244816191380655,2016
"215","10_18_2016_5_SE_30","5SE",292,5,3,0,1,30,29.4371277730769,2.01290537415385,1799.83988433333,0.3154,43.908,139.213696892834,103.014623223919,141.293471935836,2.38447347190909,0.389210040159154,2016
"216","10_18_2016_8_SE_30","8SE",292,8,0,0,1,30,28.6681032907692,1.79762414092308,1800.414795,0.1914,26.577,138.855799373041,80.3541427347085,209.548232721157,3.06328738930769,0.38613325765901,2016
"217","10_19_2016_9_SE_30","9SE",293,9,3,1,1,30,29.9944146969231,2.33737567838462,1799.82637533333,0.3819,48.233,126.297460068081,112.345712914847,173.445330166037,3.486664653,0.398581837703892,2016
"218","10_19_2016_9_SE_35","9SE",293,9,3,1,1,35,34.8774419930769,3.71953709276923,1799.95198566667,0.3819,48.233,126.297460068081,114.910864596066,160.028464339431,5.622768474,0,2016
"219","10_19_2016_9_SE_40","9SE",293,9,3,1,1,40,39.2878764466667,5.1694223185,1800.03015133333,0.3819,48.233,126.297460068081,221.442423816436,171.640629878951,5.57983813914286,0.43839934171866,2016
"220","10_20_2016_13_SE_20","13SE",294,13,3,0,2,20,19.9760039407692,0.970234026230769,1800.04667133333,0.2883,30.245,104.908081859174,32.4450959105273,80.4820759989494,0.344902152222222,0.151870490257125,2016
"221","10_20_2016_13_SE_25","13SE",294,13,3,0,2,25,24.9601541661538,1.48619293123077,1799.52242033333,0.2883,30.245,104.908081859174,52.9875183561951,105.210669084771,1.38183093617647,0.24499664814023,2016
"222","10_20_2016_13_SE_30","13SE",294,13,3,0,2,30,28.4870370715385,2.15356798261538,1799.97399933333,0.2883,30.245,104.908081859174,82.2539625943516,122.230418801277,1.82422447136842,0.367864309868226,2016
"223","10_24_2016_24_SE_30","24SE",298,24,0,-1,2,30,29.9401183133333,3.77442567925,1800.01257333333,0.0315,4.355,138.253968253968,19.3276120402422,34.9915532848392,1.63471035312449,0.324791637770261,2016
"224","7_13_2016_5_NW_25","5NW",195,5,3,0,1,25,25.0699597869231,1.72949090161538,1799.972005,0.3323,52.029,156.572374360518,42.9752604043101,52.7828042580067,0.778514279666667,0.243052385107909,2016
"225","7_13_2016_5_NW_30","5NW",195,5,3,0,1,30,30.0428852661538,1.959384364,1799.22880033333,0.3323,52.029,156.572374360518,42.9752604043101,52.7828042580067,1.20769578816667,0.786515377476054,2016
"226","7_9_2016_8_SE_20","8SE",191,8,0,0,1,20,19.9896388423077,1.52310492269231,1799.93664533333,0.188,37.282,198.308510638298,31.1099256186072,78.2516604096555,2.54150846930769,0.30002498335586,2016
"227","7_9_2016_8_SE_25","8SE",191,8,0,0,1,25,24.9908728953846,2.21597202353846,1800.146118,0.188,37.282,198.308510638298,48.4817015247281,105.870914280801,3.02113041384615,0.337047753997055,2016
"228","7_9_2016_8_SE_30","8SE",191,8,0,0,1,30,29.9900495092308,2.13329821115385,1799.701782,0.188,37.282,198.308510638298,84.9423112272853,138.430146142535,3.14219773492308,0.368826475977207,2016
"229","7_14_2016_13_NW_30","13NW",196,13,3,0,2,30,30.0417633061538,2.90128573907692,1800.19612633333,0.1261,16.705,132.474226804124,21.8275114559759,23.7972680196312,1.4443548066,0.58287539359459,2016
"230","7_11_2016_24_SE_20","24SE",193,24,0,-1,2,20,20.0068288946154,1.36272905461538,1799.847534,0.0436,6.102,139.954128440367,11.4789118792823,25.8041257980051,0.3960201295,0.187983587744266,2016
"231","7_11_2016_24_SE_25","24SE",193,24,0,-1,2,25,25.0080507715385,1.60110190276923,1799.76147466667,0.0436,6.102,139.954128440367,13.7819406827103,35.8701238840987,0.843579352076923,0.0360103800035838,2016
"232","7_11_2016_24_SE_30","24SE",193,24,0,-1,2,30,29.8446829876923,2.21953161546154,1799.73311333333,0.0436,6.102,139.954128440367,26.13795340267,36.6210376625649,1.241589155125,0.430253151370746,2016
"233","7_11_2016_24_SE_35","24SE",193,24,0,-1,2,35,34.8699681223077,3.04593908538462,1800.035604,0.0436,6.102,139.954128440367,37.1154892910232,36.0711187990057,1.4657162856,0.63965065836223,2016
"234","7_12_2016_33_SE_25","33SE",194,33,0,-1,3,25,25.8640146992308,1.94708034915385,1799.94189466667,0.0759,10.009,131.870882740448,6.44896223735455,15.9799296284248,0.524809821083333,0.443320451131572,2016
"235","7_12_2016_33_SE_35","33SE",194,33,0,-1,3,35,35.0588101481818,3.43339360363636,1799.200562,0.0759,10.009,131.870882740448,15.6005149455828,23.4044562523018,1.64051711333333,0.652678425235482,2016
"236","7_10_2016_17_SE_20","17SE",192,17,0,1,2,20,20.1482043623077,1.28311414453846,1799.713989,0.1588,34.709,218.570528967254,35.4013286312838,53.0219298561526,0.812038395733333,0.340614170447641,2016
"237","7_10_2016_17_SE_25","17SE",192,17,0,1,2,25,25.0193786646154,1.633343938,1800.07812533333,0.1588,34.709,218.570528967254,50.8218257949443,71.8474491389953,1.55973954184615,0.448880047149583,2016
"238","7_10_2016_17_SE_30","17SE",192,17,0,1,2,30,29.9555150546154,2.19518958807692,1800.15266933333,0.1588,34.709,218.570528967254,85.146462504869,89.0497068207859,1.30607538715385,0.580558560056657,2016
"239","7_10_2016_17_SE_35","17SE",192,17,0,1,2,35,34.8937624415385,3.20557690361538,1800.298543,0.1588,34.709,218.570528967254,132.641780771666,106.808046158553,1.21890852625,0.690556774799455,2016
